618.951457762343,10602.3662109375
619.14929787693507,10648.966796875
619.347132588479,10666.966796875
619.54496189493216,10630.43359375
619.74278579425254,10679.7001953125
619.940604284398,10719.599609375
620.13841736332631,10811.400390625
620.33622502899641,10766.7666015625
620.5340272793668,10666.2666015625
620.73182411239657,10696.56640625
620.92961552604481,10753.099609375
621.1274015182712,10793.599609375
621.32518208703527,10950.43359375
621.52295723029727,11015.1337890625
621.72072694601729,11103.6669921875
621.91849123215616,11077.56640625
622.11625008667454,11043.3330078125
622.31400350753347,11003.6669921875
622.51175149269432,11092.2001953125
622.70949404011867,11082.1669921875
622.90723114776836,11151.2666015625
623.10496281360577,11252.1669921875
623.302689035593,11246
623.50040981169286,11294.56640625
623.69812513986813,11398.2001953125
623.89583501808215,11309.2666015625
624.09353944429847,11254.1337890625
624.2912384164805,11236.06640625
624.48893193259244,11256.033203125
624.6866199905985,11342.2333984375
624.884302588463,11355.2666015625
625.08197972415087,11435.3662109375
625.2796513956273,11392.43359375
625.47731760085742,11328.2666015625
625.67497833780681,11428.466796875
625.87263360444126,11553.43359375
626.07028339872693,11628.2333984375
626.26792771863006,11637.5
626.4655665621176,11584.6337890625
626.66319992715592,11571.5
626.86082781171262,11498.06640625
627.058450213755,11713.93359375
627.25606713125046,11861
627.4536785621674,11718.966796875
627.651284504474,11659.8662109375
627.84888495613836,11665
628.04647991512957,11679.533203125
628.24406937941649,11717.7666015625
628.44165334696845,11704.7333984375
628.639231815755,11734.5
628.836804783746,11888
629.03437224891127,11828.8330078125
629.23193420922144,11817.5
629.429490662647,11779.466796875
629.627041607159,11815.3662109375
629.82458704072837,11875.3330078125
630.02212696132665,12084.7001953125
630.21966136692538,12040.3662109375
630.41719025549673,12047.56640625
630.61471362501277,12011.1669921875
630.812231473446,12071.7333984375
631.009743798769,11942.1669921875
631.20725059895517,11902.900390625
631.4047518719774,11981.2333984375
631.60224761580969,12017.56640625
631.79973782842535,11980.2998046875
631.99722250779871,12015.2666015625
632.19470165190421,12062
632.39217525871618,11982.400390625
632.58964332620985,12061.1337890625
632.78710585236036,12102.1669921875
632.98456283514292,12060.93359375
633.18201427253325,12015.900390625
633.37946016250748,11952.533203125
633.57690050304166,12079.56640625
633.77433529211248,12160.7001953125
633.97176452769645,11969.599609375
634.16918820777084,12028.400390625
634.366606330313,12015.6337890625
634.56401889330027,12156.466796875
634.76142589471067,12266.2998046875
634.95882733252211,12200.7001953125
635.15622320471346,12175.2666015625
635.35361350926269,12253.93359375
635.55099824414913,12260.7001953125
635.748377407352,12207.533203125
635.94575099685073,12194.7333984375
636.1431190106249,12287.8662109375
636.34048144665462,12288
636.53783830292025,12304.8330078125
636.735189577402,12294.033203125
636.93253526808132,12196.2998046875
637.12987537293861,12208.7001953125
637.32720988995561,12170.7001953125
637.52453881711369,12226.56640625
637.72186215239515,12240.3662109375
637.91917989378157,12279.6669921875
638.116492039256,12306.1337890625
638.31379858680089,12428.8330078125
638.51109953439891,12503.93359375
638.70839488003389,12536.533203125
638.90568462168881,12538.099609375
639.10296875734787,12515.8330078125
639.300247284995,12512.900390625
639.49752020261428,12450.099609375
639.69478750819076,12505.56640625
639.892049199709,12627.966796875
640.08930527515429,12615.7666015625
640.28655573251194,12519.93359375
640.48380056976782,12503.43359375
640.68103978490774,12539.2333984375
640.87827337591784,12517.56640625
641.075501340785,12661.466796875
641.27272367749572,12615
641.469940384037,12560.099609375
641.66715145839646,12600.8662109375
641.86435689856137,12499.8330078125
642.06155670251974,12414.466796875
642.25875086825977,12487.6669921875
642.45593939376988,12600.7998046875
642.65312227703873,12573.6337890625
642.85029951605509,12467.1669921875
643.04747110880851,12417.1337890625
643.24463705328844,12481.2666015625
643.44179734748457,12616.7001953125
643.6389519893869,12600.2001953125
643.83610097698579,12674.966796875
644.033244308272,12663.1669921875
644.23038198123629,12669.1337890625
644.42751399386987,12763
644.62464034416394,12852.2333984375
644.82176103011057,12926.7998046875
645.01887604970148,12940.7001953125
645.21598540092907,13005.1337890625
645.41308908178564,12952.7333984375
645.61018709026416,12912
645.807279424358,12865.43359375
646.00436608205973,12909.3330078125
646.20144706136364,12902.2666015625
646.39852236026343,13000.7333984375
646.5955919767531,13136.2001953125
646.79265590882744,13119.56640625
646.98971415448079,13097.2001953125
647.1867667117084,13104.8662109375
647.38381357850551,13194.7001953125
647.58085475286771,13107.6337890625
647.77789023279058,13159
647.97492001627052,13178.43359375
648.17194410130367,13289.7001953125
648.36896248588675,13405.033203125
648.56597516801685,13433.7998046875
648.762982145691,13378.8330078125
648.95998341690665,13303.8662109375
649.15697897966174,13260.7333984375
649.35396883195415,13350.7998046875
649.55095297178207,13434
649.74793139714438,13526.6337890625
649.94490410603976,13629.43359375
650.14187109646741,13662.8662109375
650.33883236642657,13506.5
650.53578791391726,13456.7333984375
650.73273773693916,13584.56640625
650.92968183349251,13732.1669921875
651.126620201578,13832
651.3235528391964,13826.7333984375
651.52047974434879,13842.1337890625
651.71740091503636,13889.3330078125
651.914316349261,13955.7001953125
652.1112260450243,14023.5
652.30813000032867,13951.6337890625
652.50502821317662,13895.2333984375
652.70192068157075,13769.06640625
652.89880740351407,13863.2666015625
653.09568837700988,13802.06640625
653.29256360006184,13776.599609375
653.48943307067384,13723.033203125
653.68629678684988,13731.599609375
653.88315474659441,13688.1337890625
654.08000694791224,13646.7333984375
654.27685338880815,13731.2333984375
654.47369406728751,13823.7998046875
654.6705289813558,13893.900390625
654.86735812901873,13797.533203125
655.06418150828267,13791.06640625
655.26099911715369,13789.533203125
655.4578109536385,13699.966796875
655.65461701574407,13674.900390625
655.85141730147757,13625.033203125
656.04821180884642,13783.7001953125
656.24500053585859,13861.900390625
656.44178348052185,13719.966796875
656.63856064084473,13681.2998046875
656.83533201483567,13692.400390625
657.03209760050368,13691.2001953125
657.22885739585786,13655.3330078125
657.42561139890768,13573.1337890625
657.6223596076627,13667.7001953125
657.81910202013319,13824.2998046875
658.01583863432916,13695.93359375
658.21256944826132,13583.400390625
658.40929445994038,13656.2998046875
658.60601366737762,13619.7001953125
658.80272706858432,13612.466796875
658.99943466157231,13471.56640625
659.19613644435344,13563.7001953125
659.39283241494,13507.2333984375
659.58952257134445,13544.5
659.7862069115796,13516.8330078125
659.98288543365857,13645.93359375
660.17955813559479,13716.7001953125
660.3762250154017,13645.400390625
660.57288607109354,13592.1669921875
660.7695413006843,13668.93359375
660.96619070218856,13743.900390625
661.16283427362112,13741.2333984375
661.35947201299689,13777.400390625
661.55610391833125,13712.2666015625
661.75272998764012,13659.8330078125
661.94935021893912,13648
662.14596461024428,13724.466796875
662.34257315957234,13895.7666015625
662.53917586494015,13784.533203125
662.73577272436432,13641.7998046875
662.93236373586285,13631.2666015625
663.12894889745257,13702.93359375
663.32552820715171,13654
663.52210166297857,13626.400390625
663.71866926295161,13598.2666015625
663.91523100508925,13654.466796875
664.11178688741063,13602.93359375
664.3083369079352,13563.2666015625
664.50488106468242,13630.033203125
664.7014193556721,13579.1669921875
664.89795177892461,13495.7666015625
665.0944783324602,13535.8662109375
665.29099901429959,13702.7001953125
665.48751382246382,13776.7666015625
665.68402275497419,13662.6337890625
665.8805258098522,13584.099609375
666.07702298511992,13633.966796875
666.2735142787991,13600.900390625
666.46999968891248,13545.966796875
666.66647921348283,13618.7998046875
666.86295285053279,13603.6337890625
667.05942059808592,13605.5
667.25588245416566,13572.033203125
667.4523384167959,13637.8330078125
667.64878848400065,13525.1337890625
667.8452326538046,13473.5
668.04167092423222,13556.3330078125
668.23810329330843,13710.6337890625
668.43452975905871,13637.599609375
668.63095031950866,13554.099609375
668.82736497268388,13550.7666015625
669.02377371661055,13545.033203125
669.22017654931517,13588.099609375
669.41657346882448,13527.2333984375
669.61296447316533,13536.43359375
669.80934956036515,13559.1337890625
670.00572872845134,13493.7998046875
670.2021019754518,13546.2998046875
670.39846929939461,13707.7998046875
670.59483069830821,13718.6337890625
670.79118617022129,13632.1337890625
670.98753571316308,13584.6337890625
671.18387932516259,13523.7998046875
671.38021700424929,13586.033203125
671.57654874845332,13589.966796875
671.77287455580461,13583.1669921875
671.96919442433352,13450.7666015625
672.165508352071,13279.2001953125
672.36181633704791,13343.533203125
672.5581183772955,13426.2666015625
672.75441447084552,13494.2333984375
672.95070461572948,13460.43359375
673.14698880997992,13497.7998046875
673.34326705162891,13555.43359375
673.53953933870946,13502.533203125
673.73580566925443,13582.7666015625
673.93206604129716,13601.466796875
674.12832045287121,13448.8662109375
674.32456890201047,13548.2333984375
674.52081138674907,13604.7333984375
674.71704790512138,13567.56640625
674.9132784551623,13570.1337890625
675.10950303490688,13617.2998046875
675.30572164239015,13616.7998046875
675.50193427564807,13652.7998046875
675.69814093271623,13673.7666015625
675.89434161163092,13580.1669921875
676.09053631042866,13507.400390625
676.28672502714619,13493.1337890625
676.48290775982048,13627.2666015625
676.679084506489,13522.8662109375
676.87525526518914,13596.466796875
677.07142003395916,13685.966796875
677.26757881083688,13652.2998046875
677.463731593861,13554
677.65987838107026,13534.8330078125
677.85601917050383,13539.6669921875
678.05215396020083,13453.7998046875
678.24828274820118,13512.466796875
678.44440553254469,13561
678.64052231127152,13661.3662109375
678.83663308242228,13672.2998046875
679.0327378440378,13535.099609375
679.22883659415913,13505.93359375
679.42492933082769,13574.966796875
679.621016052085,13564
679.81709675597347,13531.8330078125
680.01317144053485,13590.93359375
680.20924010381191,13489.7333984375
680.40530274384753,13442.533203125
680.60135935868482,13458.1669921875
680.79740994636722,13351.1669921875
680.99345450493831,13346.3330078125
681.18949303244233,13404.1669921875
681.3855255269234,13555.7998046875
681.58155198642612,13543.06640625
681.77757240899541,13416.966796875
681.97358679267654,13370.400390625
682.16959513551478,13387.1337890625
682.365597435556,13427.43359375
682.56159369084628,13470.6669921875
682.75758389943189,13423.1669921875
682.95356805935944,13519.6337890625
683.1495461686759,13561.7666015625
683.34551822542846,13553.56640625
683.5414842276648,13588.56640625
683.73744417343244,13476.099609375
683.9333980607795,13519.8330078125
684.12934588775465,13559.2998046875
684.32528765240625,13506.2333984375
684.52122335278352,13327.1337890625
684.7171529869355,13391.7998046875
684.91307655291189,13440.8330078125
685.1089940487625,13489.6669921875
685.30490547253748,13542.2001953125
685.50081082228724,13481.2666015625
685.69671009606247,13287.099609375
685.89260329191427,13211.2666015625
686.08849040789391,13295.400390625
686.284371442053,13389.7666015625
686.48024639244352,13355.3330078125
686.67611525711766,13333.599609375
686.87197803412778,13363.466796875
687.06783472152665,13485.533203125
687.2636853173675,13452.966796875
687.45952981970356,13350.3330078125
687.65536822658862,13354.43359375
687.85120053607659,13413.2333984375
688.04702674622172,13452.5
688.24284685507848,13475.8330078125
688.43866086070182,13362.7333984375
688.63446876114688,13422.900390625
688.830270554469,13403.7333984375
689.02606623872384,13266.2666015625
689.22185581196766,13187.966796875
689.41763927225657,13199.2666015625
689.6134166176472,13187.2998046875
689.80918784619666,13313.8662109375
690.00495295596193,13423.2998046875
690.20071194500076,13394.2001953125
690.39646481137049,13363.033203125
690.59221155312957,13379.06640625
690.78795216833612,13406.1669921875
690.98368665504915,13428.3662109375
691.17941501132748,13421
691.37513723523034,13339.599609375
691.57085332481722,13238.43359375
691.76656327814817,13269.2998046875
691.96226709328312,13314.8330078125
692.15796476828268,13320.8662109375
692.35365630120771,13273.5
692.549341690119,13382.6337890625
692.74502093307808,13405.2333984375
692.94069402814637,13359.3330078125
693.136360973386,13423.966796875
693.332021766859,13495.099609375
693.52767640662819,13481.533203125
693.72332489075632,13556.6669921875
693.91896721730643,13356.6337890625
694.11460338434176,13292.2001953125
694.31023338992634,13289.43359375
694.505857232124,13240.5
694.701474908999,13169.06640625
694.897086418616,13176.7998046875
695.09269175904012,13204.099609375
695.28829092833632,13218.099609375
695.48388392457025,13292.7333984375
695.67947074580752,13245.1669921875
695.87505139011432,13190.966796875
696.07062585555684,13104.400390625
696.2661941402024,13139.6337890625
696.4617562421173,13023
696.657312159369,12940.56640625
696.85286189002545,12959.1669921875
697.048405432154,13003.900390625
697.24394278382317,13139.1337890625
697.43947394310123,13159.900390625
697.63499890805713,13210.06640625
697.83051767676011,13237.2333984375
698.02603024727921,13398.966796875
698.22153661768391,13321.6337890625
698.41703678604472,13138.033203125
698.61253075043157,13177.966796875
698.80801850891544,13221.966796875
699.0035000595667,13183.2333984375
699.19897540045679,13205.8662109375
699.394444529657,13374.2333984375
699.58990744523931,13260.5
699.78536414527548,13088.2001953125
699.9808146278383,12898.8330078125
700.1762588910002,12946.3662109375
700.371696932834,12996.900390625
700.56712875141329,12885.56640625
700.76255434481129,12893.8662109375
700.95797371110211,12962.2666015625
701.1533868483599,12955.2333984375
701.34879375465891,13021.3662109375
701.54419442807421,13085
701.73958886668083,12941.2666015625
701.93497706855374,12872.8330078125
702.130359031769,12981.5
702.32573475440233,13047.900390625
702.52110423453041,12974.033203125
702.71646747022942,12913.7333984375
702.91182445957645,12871.3330078125
703.10717520064838,12871.599609375
703.302519691523,12835.06640625
703.49785793027786,12702.7666015625
703.69318991499131,12567.6337890625
703.88851564374124,12593.7001953125
704.08383511460681,12697.2333984375
704.27914832566671,12802.033203125
704.47445527500054,12780.2998046875
704.66975596068755,12744.43359375
704.86505038080747,12804.06640625
705.06033853344093,12650.033203125
705.25562041666819,12679.7333984375
705.45089602857024,12746.466796875
705.64616536722792,12875.900390625
705.84142843072266,12903.93359375
706.03668521713621,12852.2001953125
706.23193572455068,12851.599609375
706.42717995104806,12828.7333984375
706.62241789471125,12784.1337890625
706.817649553623,12962.3330078125
707.01287492586653,13030.43359375
707.20809400952544,13092.5
707.40330680268357,13259.7001953125
707.598513303425,13523.6669921875
707.79371350983388,13769.3330078125
707.98890741999492,14111.43359375
708.18409503199371,14379.93359375
708.37927634391519,14765.06640625
708.57445135384489,15278.099609375
708.769620059869,15717.2001953125
708.96478246007359,16402.833984375
709.15993855254533,17080.43359375
709.35508833537108,17876.19921875
709.55023180663784,18785.966796875
709.74536896443283,19600.966796875
709.9404998068444,20709.5
710.13562433196023,21815.232421875
710.33074253786867,23109.43359375
710.52585442265854,24459.56640625
710.72095998441864,25804.400390625
710.91605922123858,27013.166015625
711.1111521312074,28318.033203125
711.30623871241573,29655.5
711.50131896295284,31349.3671875
711.69639288091014,32779.6015625
711.89146046437759,34395.56640625
712.08652171144684,35749.43359375
712.28157662020931,37066.80078125
712.47662518875643,38270.3671875
712.67166741518042,38825.69921875
712.86670329757362,39313.06640625
713.06173283402848,39876.1015625
713.256756022638,40525.265625
713.45177286149544,40954.96484375
713.64678334869438,41360.03515625
713.84178748232841,41404.30078125
714.03678526049248,41421.265625
714.23177668127994,41458.43359375
714.4267617427862,40932.43359375
714.62174044310632,40213.06640625
714.81671278033582,39347.43359375
715.01167875257,38371.30078125
715.20663835790492,37442.33203125
715.401591594437,36185.06640625
715.596538460263,34895.46484375
715.79147895347944,33558.43359375
715.986413072184,32431.166015625
716.18134081447374,31285.166015625
716.37626217844672,29888.80078125
716.571177162201,28721.43359375
716.76608576383535,27746.19921875
716.960987981448,26951.5
717.15588381313842,26098.56640625
717.3507732570057,25168.43359375
717.54565631114963,24258.732421875
717.74053297367016,24016.8671875
717.9354032426678,23460.8671875
718.13026711624275,22760.033203125
718.32512459249608,22135.400390625
718.51997566952923,21675.30078125
718.71482034544329,21219.333984375
718.90965861834059,20909.06640625
719.10449048632279,20712.19921875
719.29931594749246,20627.80078125
719.49413499995239,20209.3671875
719.68894764180573,19528.43359375
719.88375387115582,19425.033203125
720.07855368610626,19243.466796875
720.273347084761,18990.533203125
720.46813406522449,18581.900390625
720.66291462560116,18531.767578125
720.85768876399572,18433.966796875
721.052456478514,18219.30078125
721.24721776726108,18089.19921875
721.44197262834246,18181.19921875
721.63672105986518,18101.400390625
721.83146305993512,18000.56640625
722.026198626659,17907.5
722.22092775814406,18003.56640625
722.41565045249752,17960.19921875
722.61036670782744,17672.666015625
722.80507652224117,17420.232421875
722.99977989384763,17371.19921875
723.194476820755,17185.400390625
723.38916730107258,17095.732421875
723.58385133290938,17101.267578125
723.778528914375,17231.232421875
723.973200043579,17362.93359375
724.16786471863225,17368.400390625
724.36252293764471,17374.166015625
724.55717469872684,17274.966796875
724.75181999999063,17096.833984375
724.94645883954672,17088.80078125
725.14109121550723,17163.033203125
725.33571712598382,16997.80078125
725.5303365690894,16832.232421875
725.72494954293609,16814.69921875
725.91955604563691,16764.033203125
726.11415607530546,16672.6328125
726.308749630055,16590.267578125
726.50333670799955,16416.966796875
726.69791730725331,16342.6337890625
726.89249142593076,16294.966796875
727.08705906214652,16291.7333984375
727.28162021401624,16400.166015625
727.47617487965488,16329.7001953125
727.67072305717818,16232.099609375
727.8652647447027,16198.2001953125
728.05979994034431,16304.93359375
728.25432864222012,16323.400390625
728.44885084844668,16221.2998046875
728.64336655714169,16269.599609375
728.8378757664226,16042.5
729.03237847440732,15959.099609375
729.226874679214,16006.1669921875
729.4213643789617,15944.7998046875
729.61584757176877,15896.2998046875
729.81032425575461,15956.900390625
730.00479442903861,15843.466796875
730.19925808974074,15832.1337890625
730.39371523598084,15691.966796875
730.58816586587989,15646.3330078125
730.78260997755808,15678.033203125
730.97704756913674,15677.2001953125
731.1714786387372,15706.8330078125
731.365903184481,15758.2666015625
731.56032120449038,15680.400390625
731.75473269688734,15532.400390625
731.94913765979493,15239.599609375
732.143536091336,15293.033203125
732.33792798963339,15327.466796875
732.532313352811,15360.93359375
732.726692178993,15392.3662109375
732.92106446630282,15567.7666015625
733.11543021286559,15438.8330078125
733.30978941680587,15339.1337890625
733.50414207624908,15301.966796875
733.69848818932007,15292.2998046875
733.89282775414529,15350.56640625
734.08716076885037,15394.7001953125
734.28148723156187,15117.8662109375
734.47580714040646,14867.7001953125
734.67012049351126,14960.8662109375
734.8644272890034,15126.8330078125
735.05872752501068,15130.8662109375
735.25302119966079,15012.93359375
735.44730831108257,15011.1337890625
735.64158885740414,15137.1669921875
735.83586283675459,15118.7666015625
736.03013024726306,14990.400390625
736.22439108705908,14990.033203125
736.41864535427248,15158.900390625
736.61289304703371,15044.7666015625
736.80713416347271,14898.6337890625
737.001368701721,15022.2001953125
737.19559665990914,15002.8662109375
737.38981803616855,14861.8662109375
737.584032828631,14703.599609375
737.778241035429,14781.099609375
737.97244265469442,14797.8330078125
738.16663768456021,14744.1669921875
738.36082612315943,14522.966796875
738.555007968625,14489.466796875
738.74918321909092,14568.7666015625
738.94335187269121,14574.2998046875
739.13751392755955,14567.7333984375
739.33166938183126,14704.8662109375
739.525818233641,14841.2333984375
739.71996048112385,14839.7333984375
739.91409612241534,14696.8662109375
740.10822515565155,14674.2333984375
740.30234757896847,14597.2666015625
740.4964633905023,14630.099609375
740.69057258839052,14587.3662109375
740.88467517076981,14433.533203125
741.0787711357774,14464.533203125
741.27286048155179,14598.2001953125
741.46694320623033,14514.599609375
741.66101930795139,14426.2001953125
741.85508878485416,14270.966796875
742.04915163507758,14259.099609375
742.24320785676082,14262.466796875
742.43725744804328,14320.966796875
742.6313004070654,14364.099609375
742.82533673196713,14405.43359375
743.01936642088924,14423.099609375
743.213389471973,14594.099609375
743.40740588335893,14534.3330078125
743.60141565318906,14512.2333984375
743.79541877960526,14420.2001953125
743.98941526074952,14291.1337890625
744.18340509476445,14243.5
744.37738827979308,14241.3330078125
744.57136481397822,14222.400390625
744.76533469546337,14255.3330078125
744.95929792239269,14307.1669921875
745.15325449290992,14152.7333984375
745.34720440515969,13988
745.54114765728661,13976.1337890625
745.735084247436,14129.6337890625
745.92901417375288,14031.466796875
746.12293743438306,13902.1337890625
746.3168540274728,13942.6669921875
746.51076395116809,13991.2333984375
746.70466720361571,13920.2998046875
746.89856378296281,13971.93359375
747.09245368735662,14021.06640625
747.2863369149444,14030.43359375
747.48021346387463,14051.966796875
747.67408333229548,14096.2001953125
747.8679465183551,14099.7001953125
748.06180302020255,14076.2001953125
748.25565283598735,13929.7001953125
748.44949596385868,13806.966796875
748.64333240196663,13684.033203125
748.8371621484614,13743.8662109375
749.03098520149331,13788.93359375
749.224801559213,13695.7666015625
749.418611219772,13621.966796875
749.6124141813217,13558.3330078125
749.80621044201371,13665.06640625
750,13795.6337890625
750.19378285343339,13885.7001953125
750.38755900046635,13931.7333984375
750.581328439252,14022.7333984375
750.77509116794374,13993.7001953125
750.96884718469516,13843.93359375
751.16259648766038,13824.7998046875
751.35633907499368,13832.533203125
751.55007494484983,13821.8662109375
751.74380409538367,13762.966796875
751.93752652475075,13659.56640625
752.13124223110617,13594.7998046875
752.32495121260649,13584.533203125
752.51865346740772,13719.599609375
752.7123489936663,13605.6669921875
752.9060377895396,13673.2001953125
753.0997198531843,13719.06640625
753.29339518275822,13786.2998046875
753.4870637764194,13657.3662109375
753.68072563232556,13557.533203125
753.87438074863564,13531.033203125
754.06802912350827,13429.3330078125
754.26167075510284,13408.93359375
754.45530564157878,13481.2001953125
754.64893378109548,13486.8662109375
754.84255517181384,13443.6337890625
755.03616981189361,13387
755.22977769949591,13318.1337890625
755.42337883278185,13276.466796875
755.61697320991266,13221.533203125
755.81056082905013,13214.533203125
756.00414168835653,13231.599609375
756.19771578599409,13300.43359375
756.39128312012554,13297.93359375
756.58484368891379,13164.099609375
756.77839749052259,13159.7333984375
756.97194452311521,13294.56640625
757.165484784856,13303.2001953125
757.35901827390887,13212.599609375
757.55254498843885,13225.966796875
757.74606492661053,13268.2666015625
757.93957808658968,13185.56640625
758.13308446654173,13237.966796875
758.32658406463247,13401.7998046875
758.52007687902824,13441
758.71356290789572,13334.7333984375
758.90704214940206,13250.6669921875
759.10051460171394,13128.7333984375
759.29398026299941,13085.6669921875
759.48743913142619,13035.966796875
759.68089120516242,13109.7333984375
759.87433648237652,13078.466796875
760.06777496123777,13107.43359375
760.261206639915,13076.1337890625
760.45463151657771,12865.5
760.64804958939612,12809.8330078125
760.84146085654015,12875.93359375
761.03486531618023,12850.2001953125
761.22826296648714,12865.7666015625
761.42165380563245,12936.1669921875
761.61503783178682,12933.7666015625
761.80841504312275,12924.400390625
762.001785437812,12932.2001953125
762.19514901402727,12860.7001953125
762.388505769941,12840.2001953125
762.58185570372643,12791.7333984375
762.775198813557,12876.56640625
762.96853509760649,12867.466796875
763.16186455404886,12944.06640625
763.35518718105857,13032.8662109375
763.54850297681037,13105.5
763.74181193947891,13023.099609375
763.93511406724031,12906.43359375
764.12840935826966,12810.2001953125
764.3216978107431,12839.7333984375
764.5149794228372,12725.033203125
764.70825419272853,12664.2666015625
764.90152211859368,12660.900390625
765.09478319861057,12580.93359375
765.28803743095648,12577.966796875
765.48128481380957,12626.099609375
765.67452534534812,12619.7001953125
765.86775902375075,12508.7666015625
766.06098584719643,12576.5
766.25420581386436,12607.3330078125
766.44741892193406,12590
766.64062516958575,12591.900390625
766.83382455499952,12639.5
767.027017076356,12596.7001953125
767.22020273183625,12587.6337890625
767.413381519621,12631.533203125
767.60655343789244,12655.1669921875
767.79971848483228,12607.033203125
767.99287665862266,12587.599609375
768.18602795744607,12472.43359375
768.37917237948557,12344.966796875
768.57230992292432,12284.8330078125
768.76544058594561,12197.1669921875
768.95856436673375,12214.2333984375
769.15168126347271,12237.7998046875
769.3447912743469,12355.2666015625
769.53789439754132,12374.7666015625
769.73099063124118,12365.099609375
769.924079973632,12348.7998046875
770.11716242289936,12452.966796875
770.31023797722969,12502.1337890625
770.50330663480952,12564.533203125
770.6963683938252,12618.966796875
770.88942325246467,12629.1669921875
771.08247120891463,12586.56640625
771.27551226136325,12448.7666015625
771.4685464079987,12318.8662109375
771.66157364700939,12290.2666015625
771.85459397658394,12269.466796875
772.04760739491189,12349.533203125
772.24061390018221,12327.7666015625
772.43361349058489,12208.033203125
772.62660616431026,12172.8662109375
772.81959191954866,12199.43359375
773.01257075449041,12158.033203125
773.20554266732711,12106.2333984375
773.39850765624976,12067.43359375
773.59146571945064,12036.7001953125
773.78441685512144,12009.5
773.97736106145476,12023.3662109375
774.17029833664344,12108.6669921875
774.3632286788802,12226.5
774.55615208635879,12238.7333984375
774.74906855727272,12170.56640625
774.94197808981608,12113.7998046875
775.13488068218328,12141.966796875
775.32777633256921,12127.3662109375
775.52066503916876,12199.2998046875
775.71354680017737,12054.8330078125
775.90642161379083,11956.7998046875
776.09928947820492,11936.099609375
776.29215039161647,11830.7001953125
776.48500435222172,11835.2998046875
776.677851358218,11933.6669921875
776.8706914078025,11960.966796875
777.06352449917313,11888.8662109375
777.25635063052755,11957.966796875
777.44916980006451,11853.599609375
777.64198200598264,11722.5
777.83478724648091,11622.56640625
778.02758551975853,11601.2001953125
778.22037682401549,11784.06640625
778.41316115745121,11879.1337890625
778.605938518267,11802.1669921875
778.79870890466248,11800.1337890625
778.9914723148396,11877.8330078125
779.184228746999,11927.3330078125
779.37697819934272,11909.5
779.5697206700728,11890.6669921875
779.7624561573914,11861.43359375
779.95518465950124,11701.6337890625
780.1479061746054,11650.1669921875
780.340620700907,11617.6669921875
780.53332823661015,11695.06640625
780.72602877991835,11759.2001953125
780.91872232903609,11778.033203125
781.11140888216835,11689.3662109375
781.30408843751957,11620.033203125
781.49676099329542,11677.7001953125
781.68942654770183,11750.3330078125
781.88208509894412,11680.7001953125
782.07473664522922,11658.6337890625
782.26738118476351,11590.1337890625
782.46001871575413,11553.2666015625
782.65264923640791,11614.2998046875
782.84527274493325,11663.8662109375
783.03788923953766,11586.7998046875
783.23049871842954,11484.6337890625
783.42310117981776,11505.7333984375
783.61569662191107,11424.099609375
783.8082850429189,11338.93359375
784.00086644105079,11389
784.19344081451709,11492.400390625
784.38600816152757,11454.7998046875
784.57856848029314,11287.1669921875
784.77112176902517,11271.2333984375
784.96366802593457,11230.1669921875
785.15620724923292,11249.06640625
785.34873943713251,11258
785.54126458784549,11299.966796875
785.73378269958448,11388.7001953125
785.92629377056278,11426.06640625
786.11879779899323,11302.599609375
786.31129478308981,11305.1337890625
786.50378472106661,11270.8330078125
786.69626761113784,11156.599609375
786.888743451518,11137.7333984375
787.08121224042247,11260.466796875
787.27367397606622,11282.1337890625
787.46612865666509,11230.966796875
787.65857628043511,11265.533203125
787.85101684559243,11177
788.04345035035408,11106.1337890625
788.23587679293666,11168.43359375
788.42829617155769,11260.8662109375
788.620708484435,11192.2001953125
788.81311372978655,11119.466796875
789.00551190583053,11212.7333984375
789.19790301078558,11295.8662109375
789.39028704287114,11339.06640625
789.58266400030618,11289.2998046875
789.77503388131049,11117.966796875
789.967396684104,11005.8330078125
790.15975240690716,11031.533203125
790.352101047941,11023.599609375
790.54444260542584,10906.7666015625
790.73677707758372,10896.2001953125
790.92910446263591,11022.43359375
791.12142475880489,11059.7666015625
791.31373796431251,11031.6669921875
791.50604407738206,10919
791.69834309623616,10843.43359375
791.89063501909811,10852.533203125
792.08291984419213,10845.43359375
792.27519756974164,10857.966796875
792.46746819397174,10887.466796875
792.65973171510655,10956.56640625
792.85198813137163,10988.56640625
793.04423744099211,11004.6669921875
793.23647964219379,10982.2666015625
793.42871473320281,10919.1337890625
793.62094271224532,10739.7666015625
793.81316357754838,10612.466796875
794.005377327339,10658.466796875
794.19758395984468,10723.1337890625
794.389783473293,10742.2998046875
794.581975865912,10898.1669921875
794.7741611359304,10878.7998046875
794.96633928157689,10858.900390625
795.15851030108047,10899.033203125
795.35067419267091,10860.400390625
795.54283095457754,10709.966796875
795.73498058503071,10567.599609375
795.92712308226078,10541.2998046875
796.11925844449888,10619.7001953125
796.311386669976,10666.56640625
796.50350775692323,10607.6337890625
796.69562170357267,10618.533203125
796.88772850815656,10680.033203125
797.0798281689074,10712.2001953125
797.27192068405816,10706.033203125
797.46400605184147,10650.1669921875
797.65608427049142,10656.400390625
797.84815533824133,10557.400390625
798.04021925332609,10574.533203125
798.23227601397946,10632.56640625
798.42432561843657,10628.400390625
798.61636806493289,10575.466796875
798.80840335170376,10516.466796875
799.00043147698489,10446.8662109375
799.19245243901253,10420.099609375
799.38446623602385,10379.2333984375
799.57647286625479,10462.466796875
799.7684723279433,10526.06640625
799.96046461932656,10505.8662109375
800.15244973864242,10481.2998046875
800.34442768412976,10471.466796875
800.53639845402654,10462.7001953125
800.72836204657187,10492.533203125
800.92031846000509,10370.7333984375
801.11226769256575,10326.5
801.30420974249364,10432.1669921875
801.49614460802945,10415.93359375
801.68807228741343,10406.7998046875
801.87999277888662,10441.06640625
802.0719060806905,10369.8330078125
802.26381219106645,10317
802.45571110825688,10330.1337890625
802.64760283050384,10323.43359375
802.83948735604974,10321.3330078125
803.031364683138,10361.966796875
803.22323481001183,10333.099609375
803.41509773491487,10340.099609375
803.60695345609111,10308.533203125
803.798801971785,10350.3662109375
803.99064328024144,10366.06640625
804.18247737970512,10370.033203125
804.37430426842161,10362.1669921875
804.56612394463662,10420.2001953125
804.75793640659629,10445
804.94974165254666,10426.56640625
805.14153968073515,10409.966796875
805.33333048940835,10481.56640625
805.52511407681379,10448.2001953125
805.71689044119944,10330.7998046875
805.90865958081326,10299.1669921875
806.10042149390335,10304.400390625
806.29217617871927,10250.2998046875
806.48392363350968,10276.6669921875
806.67566385652412,10280.599609375
806.86739684601253,10295.93359375
807.0591226002249,10404.400390625
807.25084111741182,10563.6669921875
807.44255239582424,10542.7001953125
807.63425643371329,10483.43359375
807.82595322933025,10448.466796875
808.01764278092742,10291.900390625
808.20932508675662,10227.7666015625
808.40100014507107,10241.1669921875
808.5926679541227,10231.2333984375
808.78432851216553,10393.2998046875
808.97598181745263,10508.900390625
809.16762786823836,10515.2998046875
809.35926666277669,10438.2001953125
809.55089819932243,10372.7333984375
809.74252247613038,10345.7001953125
809.934139491456,10285
810.12574924355476,10285.966796875
810.31735173068273,10386.7333984375
810.50894695109616,10308
810.70053490305213,10267
810.89211558480679,10327.56640625
811.08368899461834,10273.533203125
811.27525513074409,10152.6669921875
811.46681399144188,10136.8330078125
811.65836557497073,10172.7666015625
811.84990987958872,10161.2001953125
812.0414469035552,10089.7001953125
812.23297664512961,10016.400390625
812.42449910257187,10022.2666015625
812.61601427414166,10133.5
812.80752215809946,10203.7666015625
812.99902275270665,10163.599609375
813.1905160562236,10183.2998046875
813.38200206691238,10170.7666015625
813.57348078303426,10156.06640625
813.764952202852,10119.2333984375
813.95641632462775,10074.7333984375
814.14787314662431,10072.966796875
814.33932266710485,10003.5
814.53076488433317,10005.7001953125
814.722199796573,10033.966796875
814.91362740208865,10035.56640625
815.10504769914462,10023.2333984375
815.296460686006,9893.2998046875
815.48786636093769,9804.8330078125
815.67926472220552,9808
815.87065576807515,9857.5
816.06203949681333,10001.5
816.25341590668654,10048.43359375
816.44478499596175,9906.2998046875
816.63614676290626,9764.2998046875
816.82750120578771,9715.1337890625
817.01884832287408,9739.6337890625
817.2101881124338,9630.06640625
817.40152057273565,9645.400390625
817.59284570204829,9720.5
817.78416349864187,9770.7666015625
817.97547396078562,9894.099609375
818.16677708674956,9929.2666015625
818.35807287480429,9906.8662109375
818.54936132322041,9902.2998046875
818.74064243026953,9800.56640625
818.93191619422259,9750.400390625
819.12318261335167,9732.099609375
819.314441685929,9687.56640625
819.50569341022674,9583.93359375
819.69693778451813,9496.1337890625
819.8881748070761,9515.033203125
820.07940447617443,9538.2998046875
820.27062679008657,9562.7998046875
820.46184174708731,9545.6337890625
820.65304934545088,9635.1337890625
820.84424958345244,9646.2666015625
821.035442459367,9672.1337890625
821.22662797147063,9683.2998046875
821.41780611803881,9619.7333984375
821.60897689734793,9585.599609375
821.80014030767484,9498.400390625
821.9912963472965,9464.93359375
822.18244501449021,9335.2998046875
822.37358630753374,9286.2998046875
822.56472022470484,9323.2666015625
822.75584676428252,9283.5
822.94696592454511,9251.966796875
823.13807770377139,9312.7666015625
823.3291821002415,9361.1669921875
823.52027911223479,9444.599609375
823.71136873803152,9370
823.902450975912,9276.533203125
824.09352582415727,9264.7333984375
824.28459328104839,9243.6669921875
824.47565334486694,9286.43359375
824.66670601389467,9266.7666015625
824.85775128641387,9212.599609375
825.04878916070732,9180
825.23981963505753,9261.43359375
825.430842707748,9240.7001953125
825.62185837706227,9157.43359375
825.81286664128424,9095.56640625
826.00386749869836,9096.56640625
826.19486094758918,9106.8330078125
826.38584698624186,9087.93359375
826.57682561294132,9073.2998046875
826.76779682597362,9005.8662109375
826.95876062362458,8997.533203125
827.149717004181,9018.7666015625
827.34066596592913,9077.93359375
827.53160750715642,9020.2666015625
827.72254162615,9023.7333984375
827.9134683211978,8947.8662109375
828.1043875905882,8899.7333984375
828.29529943260923,8808.56640625
828.48620384555,8802.599609375
828.67710082769941,8910.2666015625
828.8679903773475,8993.1669921875
829.05887249278339,8932.099609375
829.24974717229816,8973.2666015625
829.44061441418182,8947.8662109375
829.63147421672545,8875.56640625
829.82232657822044,8846.1337890625
830.01317149695819,8892.2998046875
830.20400897123091,8912.43359375
830.39483899933055,8908.5
830.58566157955011,8874.93359375
830.77647671018246,8870.2998046875
830.967284389521,8916.900390625
831.15808461585959,8950.7333984375
831.34887738749217,8974.1337890625
831.539662702713,8924.2001953125
831.73044055981711,8880.3330078125
831.92121095709945,8815.5
832.11197389285553,8779.2998046875
832.30272936538131,8708.033203125
832.49347737297262,8644.7998046875
832.68421791392655,8612.2333984375
832.87495098653926,8618.06640625
833.06567658910842,8710.56640625
833.25639471993145,8718.3330078125
833.44710537730634,8807.5
833.63780855953121,8797.400390625
833.82850426490518,8743.900390625
834.01919249172659,8656.2998046875
834.2098732382949,8578.6337890625
834.40054650291,8563.966796875
834.59121228387176,8599.7333984375
834.78187057948037,8616.099609375
834.972521388037,8586.1337890625
835.1631647078425,8666.43359375
835.35380053719825,8700.7333984375
835.544428874406,8668.400390625
835.73504971776777,8592.6337890625
835.92566306558649,8519.6669921875
836.11626891616459,8494.2666015625
836.306867267805,8494.7998046875
836.49745811881189,8418.2333984375
836.688041467489,8462.533203125
836.87861731214014,8448.900390625
837.06918565107037,8494.5
837.25974648258455,8394.6669921875
837.45029980498748,8443.2333984375
837.64084561658512,8450.56640625
837.83138391568377,8435.8662109375
838.0219147005896,8397.6337890625
838.2124379696088,8393.466796875
838.40295372104913,8386.8330078125
838.59346195321768,8322.2998046875
838.78396266442189,8336.8662109375
838.97445585297066,8377.3662109375
839.16494151717166,8442.2333984375
839.355419655334,8450.7001953125
839.54589026576673,8440.533203125
839.73635334677988,8455.966796875
839.92680889668236,8403.6337890625
840.11725691378535,8358.43359375
840.30769739639857,8376.2333984375
840.49813034283352,8371.2998046875
840.6885557514014,8365.1337890625
840.87897362041372,8402.466796875
841.06938394818235,8369.3662109375
841.25978673302,8329.599609375
841.450181973239,8190.63330078125
841.64056966715259,8157.2333984375
841.83094981307386,8176.466796875
842.02132240931689,8233
842.21168745419561,8296.56640625
842.4020449460246,8257.06640625
842.59239488311823,8222.5
842.78273726379234,8236.7333984375
842.973072086362,8240.56640625
843.16339934914311,8237.1337890625
843.35371905045179,8257.6669921875
843.54403118860489,8213.6669921875
843.73433576191951,8189.7666015625
843.92463276871183,8145.966796875
844.11492220730076,8110.533203125
844.305204076004,8074.60009765625
844.49547837313924,8139.2001953125
844.6857450970258,8152.06689453125
844.87600424598281,8147.66650390625
845.06625581832907,8149.63330078125
845.25649981238428,8224.43359375
845.44673622646951,8171.7333984375
845.63696505890425,8102.7333984375
845.82718630800991,7996.7666015625
846.01739997210734,7999.7333984375
846.207606049518,7954.533203125
846.39780453856417,8000.5
846.58799543756777,8015.2333984375
846.7781787448514,8007.83349609375
846.96835445873808,8013.2666015625
847.158522577551,7974.033203125
847.34868309961394,7999.39990234375
847.538836023251,7979.966796875
847.72898134678587,8001.56689453125
847.91911906854432,7958.533203125
848.10924918685066,7964.2666015625
848.29937170003052,7967.89990234375
848.48948660640974,7930.7666015625
848.67959390431429,7921.2001953125
848.86969359207114,7890.2001953125
849.05978566800638,7903.93310546875
849.24987013044779,7946.7333984375
849.43994697772257,8052.7998046875
849.63001620815908,8072.63330078125
849.8200778200852,8023.533203125
850.01013181182952,7940.7666015625
850.20017818172107,7927.43310546875
850.39021692808933,7973.89990234375
850.58024804926413,7918.13330078125
850.77027154357506,7855.7666015625
850.96028740935287,7769.63330078125
851.15029564492841,7818.533203125
851.3402962486324,7903.16650390625
851.53028921879593,7930.7666015625
851.72027455375223,7764.16650390625
851.91025225183228,7787.10009765625
852.10022231136873,7735.43310546875
852.29018473069482,7675.86669921875
852.48013950814391,7711.5
852.670086642049,7759.86669921875
852.8600261307447,7844.93310546875
853.04995797256481,7917.83349609375
853.23988216584462,7876.33349609375
853.42979870891827,7735.2333984375
853.61970760012218,7734.7666015625
853.80960883779119,7732.89990234375
853.99950242026182,7768.7666015625
854.18938834587038,7804.16650390625
854.37926661295353,7726.7001953125
854.56913721984938,7725.2333984375
854.75900016489413,7737.7666015625
854.94885544642648,7737.56689453125
855.13870306278477,7706.60009765625
855.328543012307,7616
855.51837529333227,7522.36669921875
855.70819990420046,7578.5
855.89801684325028,7637.56689453125
856.0878261088227,7706.93310546875
856.27762769925755,7756.36669921875
856.46742161289535,7723.966796875
856.657207848078,7689.466796875
856.84698640314627,7603
857.03675727644224,7607.7001953125
857.22652046630844,7631.7666015625
857.41627597108652,7655.86669921875
857.60602378912,7677.2666015625
857.79576391875173,7710.7001953125
857.98549635832592,7644.466796875
858.17522110618586,7690.60009765625
858.36493816067662,7708
858.55464752014188,7739.36669921875
858.74434918292718,7671.966796875
858.93404314737836,7624.93310546875
859.12372941184071,7578.466796875
859.31340797466009,7469.7666015625
859.50307883418327,7416.89990234375
859.69274198875678,7383.06689453125
859.88239743672875,7465.13330078125
860.0720451764455,7471.36669921875
860.26168520625538,7467.56689453125
860.451317524507,7473.63330078125
860.64094212954842,7433.83349609375
860.83055901972932,7393.66650390625
861.02016819339826,7392.16650390625
861.20976964890519,7434.2333984375
861.39936338460075,7563.89990234375
861.58894939883419,7591
861.7785276899574,7612.86669921875
861.96809825632056,7530.7666015625
862.157661096276,7502.39990234375
862.347216208175,7499.89990234375
862.5367635903699,7558.06689453125
862.72630324121326,7524.89990234375
862.91583515905825,7562.60009765625
863.10535934225811,7570
863.2948757891661,7500.033203125
863.48438449813625,7450.66650390625
863.67388546752341,7390.966796875
863.86337869568217,7380.39990234375
864.05286418096682,7299.13330078125
864.24234192173378,7304.66650390625
864.43181191633823,7358.5
864.621274163137,7416.7001953125
864.810728660486,7333.33349609375
865.000175406742,7281.033203125
865.18961440026283,7301.93310546875
865.37904563940583,7240.7333984375
865.56846912252888,7281.93310546875
865.75788484799011,7234.966796875
865.9472928141488,7352.7666015625
866.136693019363,7273.7001953125
866.32608546199333,7302.86669921875
866.51547014039841,7259.06689453125
866.70484705293893,7181.33349609375
866.89421619797577,7100.39990234375
867.08357757386875,7114.43310546875
867.27293117897989,7101.2666015625
867.46227701167027,7141.60009765625
867.65161507030211,7131.60009765625
867.84094535323766,7255.33349609375
868.03026785883958,7304.13330078125
868.21958258547068,7377.7333984375
868.40888953149454,7367.66650390625
868.59818869527464,7265.06689453125
868.78748007517538,7237.033203125
868.9767636695608,7246.83349609375
869.16603947679607,7246.2666015625
869.35530749524617,7259.2998046875
869.54456772327683,7197.2998046875
869.73382015925347,7152.966796875
869.92306480154286,7175
870.11230164851133,7107
870.30153069852588,7148.56689453125
870.49075194995385,7167.39990234375
870.67996540116326,7151.966796875
870.869171050522,7185.2666015625
871.05836889639806,7161.66650390625
871.24755893716053,7100.89990234375
871.43674117117837,7047.93310546875
871.62591559682164,7037.10009765625
871.81508221246008,7084.10009765625
872.00424101646308,7112.966796875
872.19339200720231,7084.7666015625
872.38253518304793,7152.2001953125
872.57167054237141,7221.89990234375
872.76079808354507,7208.7001953125
872.94991780494013,7190.10009765625
873.1390297049295,7233.2001953125
873.32813378188553,7250.2666015625
873.51723003418169,7261.06689453125
873.7063184601916,7279.83349609375
873.89539905828838,7245.66650390625
874.084471826847,7240.966796875
874.2735367642415,7214.2998046875
874.46259386884742,7223.7001953125
874.65164313903949,7195.7001953125
874.84068457319381,7221.43310546875
875.02971816968579,7209.7333984375
875.21874392689256,7171.2666015625
875.40776184319031,7169.06689453125
875.59677191695664,7124.16650390625
875.78577414656843,7182.033203125
875.97476853040394,7204.06689453125
876.16375506684108,7104.56689453125
876.35273375425879,7076.13330078125
876.54170459103591,7091.466796875
876.73066757555159,7131.63330078125
876.91962270618524,7205.7998046875
877.10856998131749,7180.7998046875
877.29750939932819,7133.533203125
877.48644095859811,7196.56689453125
877.67536465750868,7194.36669921875
877.86428049444146,7227.10009765625
878.05318846777789,7202.06689453125
878.24208857589986,7176.2666015625
