618.951457762343,5873.39990234375
619.14929787693507,5914.2001953125
619.347132588479,5918.5
619.54496189493216,5932.2333984375
619.74278579425254,5958.7333984375
619.940604284398,5975.39990234375
620.13841736332631,5993.63330078125
620.33622502899641,6005.7001953125
620.5340272793668,5955.7666015625
620.73182411239657,5980.2998046875
620.92961552604481,6016.7001953125
621.1274015182712,6036.7001953125
621.32518208703527,6122.7666015625
621.52295723029727,6174.89990234375
621.72072694601729,6213.7998046875
621.91849123215616,6211
622.11625008667454,6195.033203125
622.31400350753347,6146.2001953125
622.51175149269432,6230.66650390625
622.70949404011867,6214.033203125
622.90723114776836,6244.7333984375
623.10496281360577,6300.2333984375
623.302689035593,6312.43310546875
623.50040981169286,6318.93310546875
623.69812513986813,6377.2998046875
623.89583501808215,6368.93310546875
624.09353944429847,6319.7001953125
624.2912384164805,6296.89990234375
624.48893193259244,6343.466796875
624.6866199905985,6344.7666015625
624.884302588463,6434.43310546875
625.08197972415087,6449.33349609375
625.2796513956273,6471.93310546875
625.47731760085742,6429.66650390625
625.67497833780681,6450.2001953125
625.87263360444126,6549.2333984375
626.07028339872693,6550.533203125
626.26792771863006,6552.7998046875
626.4655665621176,6560.2333984375
626.66319992715592,6520.533203125
626.86082781171262,6547.7001953125
627.058450213755,6610.36669921875
627.25606713125046,6709.7998046875
627.4536785621674,6697.2666015625
627.651284504474,6618.10009765625
627.84888495613836,6665.33349609375
628.04647991512957,6676.10009765625
628.24406937941649,6661.39990234375
628.44165334696845,6677.10009765625
628.639231815755,6710.86669921875
628.836804783746,6762.93310546875
629.03437224891127,6772.13330078125
629.23193420922144,6739.56689453125
629.429490662647,6744.7998046875
629.627041607159,6714.93310546875
629.82458704072837,6790.5
630.02212696132665,6893.2666015625
630.21966136692538,6918.93310546875
630.41719025549673,6876.60009765625
630.61471362501277,6826.83349609375
630.812231473446,6897.7333984375
631.009743798769,6849.2001953125
631.20725059895517,6791.63330078125
631.4047518719774,6887.39990234375
631.60224761580969,6899.16650390625
631.79973782842535,6920.16650390625
631.99722250779871,6898.83349609375
632.19470165190421,6936.7001953125
632.39217525871618,6871
632.58964332620985,6951.7998046875
632.78710585236036,6955.033203125
632.98456283514292,6943.2001953125
633.18201427253325,6900.33349609375
633.37946016250748,6868.63330078125
633.57690050304166,6930.7998046875
633.77433529211248,7022.466796875
633.97176452769645,6896.466796875
634.16918820777084,6934.36669921875
634.366606330313,6934.966796875
634.56401889330027,7009.2666015625
634.76142589471067,7055.36669921875
634.95882733252211,7072.86669921875
635.15622320471346,7051.2333984375
635.35361350926269,7116.43310546875
635.55099824414913,7124.533203125
635.748377407352,7100.33349609375
635.94575099685073,7100.89990234375
636.1431190106249,7093.63330078125
636.34048144665462,7155.2666015625
636.53783830292025,7160.66650390625
636.735189577402,7148.33349609375
636.93253526808132,7104.2001953125
637.12987537293861,7134.89990234375
637.32720988995561,7115.033203125
637.52453881711369,7128.966796875
637.72186215239515,7156.56689453125
637.91917989378157,7160.56689453125
638.116492039256,7179.533203125
638.31379858680089,7235.7998046875
638.51109953439891,7261.2998046875
638.70839488003389,7318.7333984375
638.90568462168881,7329.7666015625
639.10296875734787,7313.2333984375
639.300247284995,7280.66650390625
639.49752020261428,7300.466796875
639.69478750819076,7286.033203125
639.892049199709,7372.033203125
640.08930527515429,7374.13330078125
640.28655573251194,7350.63330078125
640.48380056976782,7349.36669921875
640.68103978490774,7367.10009765625
640.87827337591784,7370.13330078125
641.075501340785,7422.5
641.27272367749572,7424.5
641.469940384037,7374.10009765625
641.66715145839646,7408.06689453125
641.86435689856137,7364
642.06155670251974,7327.7666015625
642.25875086825977,7367.60009765625
642.45593939376988,7413.36669921875
642.65312227703873,7416.10009765625
642.85029951605509,7341.16650390625
643.04747110880851,7322.66650390625
643.24463705328844,7329.56689453125
643.44179734748457,7432.033203125
643.6389519893869,7434.43310546875
643.83610097698579,7484.2998046875
644.033244308272,7439.7001953125
644.23038198123629,7464.66650390625
644.42751399386987,7547.033203125
644.62464034416394,7580.60009765625
644.82176103011057,7645.93310546875
645.01887604970148,7657.60009765625
645.21598540092907,7692.7998046875
645.41308908178564,7642.83349609375
645.61018709026416,7596.7998046875
645.807279424358,7604.93310546875
646.00436608205973,7593.60009765625
646.20144706136364,7577.7998046875
646.39852236026343,7700.60009765625
646.5955919767531,7770.86669921875
646.79265590882744,7755.89990234375
646.98971415448079,7716.10009765625
647.1867667117084,7696.56689453125
647.38381357850551,7716.7333984375
647.58085475286771,7654.5
647.77789023279058,7678.533203125
647.97492001627052,7741.56689453125
648.17194410130367,7795.5
648.36896248588675,7830.7333984375
648.56597516801685,7839.63330078125
648.762982145691,7843.7998046875
648.95998341690665,7791.66650390625
649.15697897966174,7738.43310546875
649.35396883195415,7726.89990234375
649.55095297178207,7800.56689453125
649.74793139714438,7887.5
649.94490410603976,7936.2001953125
650.14187109646741,7909.56689453125
650.33883236642657,7803.2666015625
650.53578791391726,7776.06689453125
650.73273773693916,7808.7001953125
650.92968183349251,7918.966796875
651.126620201578,8018.16650390625
651.3235528391964,7984.7666015625
651.52047974434879,8048.86669921875
651.71740091503636,8035.7666015625
651.914316349261,8043.5
652.1112260450243,8092
652.30813000032867,8107.56689453125
652.50502821317662,8055.966796875
652.70192068157075,8020.83349609375
652.89880740351407,8048.60009765625
653.09568837700988,8066.033203125
653.29256360006184,8030.2001953125
653.48943307067384,8053.7333984375
653.68629678684988,8081.83349609375
653.88315474659441,8049.466796875
654.08000694791224,8045.43310546875
654.27685338880815,8083.2998046875
654.47369406728751,8166.36669921875
654.6705289813558,8205.6337890625
654.86735812901873,8154.2998046875
655.06418150828267,8241.599609375
655.26099911715369,8222.033203125
655.4578109536385,8203.966796875
655.65461701574407,8117.466796875
655.85141730147757,8074.2998046875
656.04821180884642,8239.900390625
656.24500053585859,8270.1669921875
656.44178348052185,8235
656.63856064084473,8240.7001953125
656.83533201483567,8247.533203125
657.03209760050368,8262.599609375
657.22885739585786,8266.6669921875
657.42561139890768,8201.900390625
657.6223596076627,8240.06640625
657.81910202013319,8352.900390625
658.01583863432916,8265.7998046875
658.21256944826132,8249.7666015625
658.40929445994038,8235.2666015625
658.60601366737762,8224.099609375
658.80272706858432,8241.3662109375
658.99943466157231,8162.466796875
659.19613644435344,8165.2998046875
659.39283241494,8181.033203125
659.58952257134445,8194.400390625
659.7862069115796,8208.599609375
659.98288543365857,8285.06640625
660.17955813559479,8331.099609375
660.3762250154017,8249.43359375
660.57288607109354,8266.2333984375
660.7695413006843,8313.033203125
660.96619070218856,8390.6337890625
661.16283427362112,8348.6337890625
661.35947201299689,8387.966796875
661.55610391833125,8338.6337890625
661.75272998764012,8307.43359375
661.94935021893912,8301.6669921875
662.14596461024428,8327.6337890625
662.34257315957234,8452.033203125
662.53917586494015,8423.1337890625
662.73577272436432,8366.3662109375
662.93236373586285,8343.06640625
663.12894889745257,8393.1337890625
663.32552820715171,8369.033203125
663.52210166297857,8361.56640625
663.71866926295161,8336.900390625
663.91523100508925,8372.3330078125
664.11178688741063,8397.466796875
664.3083369079352,8400.7998046875
664.50488106468242,8441.7998046875
664.7014193556721,8424.1337890625
664.89795177892461,8413.1337890625
665.0944783324602,8394.599609375
665.29099901429959,8505.56640625
665.48751382246382,8503.8662109375
665.68402275497419,8452.7333984375
665.8805258098522,8457.2333984375
666.07702298511992,8489.2333984375
666.2735142787991,8435.93359375
666.46999968891248,8408.8662109375
666.66647921348283,8474.400390625
666.86295285053279,8490.466796875
667.05942059808592,8528.099609375
667.25588245416566,8510.7666015625
667.4523384167959,8553.7333984375
667.64878848400065,8482.8330078125
667.8452326538046,8462.033203125
668.04167092423222,8477.06640625
668.23810329330843,8570.099609375
668.43452975905871,8535
668.63095031950866,8519.1337890625
668.82736497268388,8568.2998046875
669.02377371661055,8539.5
669.22017654931517,8569.8330078125
669.41657346882448,8603.3330078125
669.61296447316533,8553.966796875
669.80934956036515,8592.56640625
670.00572872845134,8576.56640625
670.2021019754518,8610.6337890625
670.39846929939461,8747.2998046875
670.59483069830821,8699.033203125
670.79118617022129,8687.3662109375
670.98753571316308,8660.7666015625
671.18387932516259,8632.2001953125
671.38021700424929,8683.033203125
671.57654874845332,8715.8662109375
671.77287455580461,8669
671.96919442433352,8591.93359375
672.165508352071,8535.7998046875
672.36181633704791,8558.7998046875
672.5581183772955,8630.5
672.75441447084552,8629.599609375
672.95070461572948,8672.2998046875
673.14698880997992,8670.2001953125
673.34326705162891,8695.099609375
673.53953933870946,8693.099609375
673.73580566925443,8709.966796875
673.93206604129716,8708.099609375
674.12832045287121,8648.2333984375
674.32456890201047,8749.2001953125
674.52081138674907,8725.099609375
674.71704790512138,8725.2666015625
674.9132784551623,8717.7001953125
675.10950303490688,8769
675.30572164239015,8781.966796875
675.50193427564807,8866.2333984375
675.69814093271623,8857.6337890625
675.89434161163092,8792.7998046875
676.09053631042866,8753
676.28672502714619,8757.8662109375
676.48290775982048,8826.5
676.679084506489,8817.1337890625
676.87525526518914,8797.7666015625
677.07142003395916,8911.6669921875
677.26757881083688,8903.900390625
677.463731593861,8829.400390625
677.65987838107026,8843.6337890625
677.85601917050383,8827.2333984375
678.05215396020083,8805.466796875
678.24828274820118,8825.966796875
678.44440553254469,8882
678.64052231127152,8961.3330078125
678.83663308242228,8950.2998046875
679.0327378440378,8902.7333984375
679.22883659415913,8875.033203125
679.42492933082769,8920.56640625
679.621016052085,8927.6669921875
679.81709675597347,8906.7666015625
680.01317144053485,8921.7001953125
680.20924010381191,8884.8662109375
680.40530274384753,8823.8330078125
680.60135935868482,8867.2001953125
680.79740994636722,8823.6337890625
680.99345450493831,8816.56640625
681.18949303244233,8836.599609375
681.3855255269234,8945.93359375
681.58155198642612,8938.466796875
681.77757240899541,8904.93359375
681.97358679267654,8831.2666015625
682.16959513551478,8873.466796875
682.365597435556,8943.400390625
682.56159369084628,8946.5
682.75758389943189,8951.2001953125
682.95356805935944,8971.900390625
683.1495461686759,9061.6337890625
683.34551822542846,9026.6337890625
683.5414842276648,9034.7666015625
683.73744417343244,9004.7666015625
683.9333980607795,8994.6669921875
684.12934588775465,9029.466796875
684.32528765240625,9052.2333984375
684.52122335278352,8911.2998046875
684.7171529869355,9003.466796875
684.91307655291189,9035.1337890625
685.1089940487625,9029.7001953125
685.30490547253748,9068.6669921875
685.50081082228724,9035.099609375
685.69671009606247,8935.3330078125
685.89260329191427,8894.466796875
686.08849040789391,8943.400390625
686.284371442053,9039.6669921875
686.48024639244352,9061.7001953125
686.67611525711766,8968.7001953125
686.87197803412778,9014.7998046875
687.06783472152665,9086.2998046875
687.2636853173675,9092.2001953125
687.45952981970356,9033.56640625
687.65536822658862,8996.7333984375
687.85120053607659,9081.3330078125
688.04702674622172,9075.8662109375
688.24284685507848,9123.2001953125
688.43866086070182,9096.2998046875
688.63446876114688,9143
688.830270554469,9145.966796875
689.02606623872384,9075.2001953125
689.22185581196766,9009.56640625
689.41763927225657,8986.3330078125
689.6134166176472,8969.7333984375
689.80918784619666,9075.400390625
690.00495295596193,9105.2998046875
690.20071194500076,9139.900390625
690.39646481137049,9158.033203125
690.59221155312957,9146.7333984375
690.78795216833612,9181.5
690.98368665504915,9255.7001953125
691.17941501132748,9216.466796875
691.37513723523034,9148.400390625
691.57085332481722,9125.2998046875
691.76656327814817,9154.6337890625
691.96226709328312,9159.6669921875
692.15796476828268,9197.2001953125
692.35365630120771,9178.56640625
692.549341690119,9187.5
692.74502093307808,9248.7666015625
692.94069402814637,9220.966796875
693.136360973386,9247.7666015625
693.332021766859,9299.6337890625
693.52767640662819,9359.7333984375
693.72332489075632,9377.900390625
693.91896721730643,9278.3662109375
694.11460338434176,9261.7333984375
694.31023338992634,9238.466796875
694.505857232124,9219.2998046875
694.701474908999,9190.8330078125
694.897086418616,9200.6337890625
695.09269175904012,9214.2333984375
695.28829092833632,9271.1669921875
695.48388392457025,9300.7333984375
695.67947074580752,9306.2001953125
695.87505139011432,9254.6669921875
696.07062585555684,9228.5
696.2661941402024,9199.466796875
696.4617562421173,9146.6337890625
696.657312159369,9099.43359375
696.85286189002545,9148.3662109375
697.048405432154,9212
697.24394278382317,9286.466796875
697.43947394310123,9306.099609375
697.63499890805713,9358.2333984375
697.83051767676011,9410
698.02603024727921,9543.93359375
698.22153661768391,9473.7666015625
698.41703678604472,9385.033203125
698.61253075043157,9440.2666015625
698.80801850891544,9468.533203125
699.0035000595667,9429.599609375
699.19897540045679,9509.966796875
699.394444529657,9648.1337890625
699.58990744523931,9556.2001953125
699.78536414527548,9405.533203125
699.9808146278383,9297.2001953125
700.1762588910002,9294.466796875
700.371696932834,9348.56640625
700.56712875141329,9284.966796875
700.76255434481129,9337.43359375
700.95797371110211,9379.2666015625
701.1533868483599,9465.2666015625
701.34879375465891,9538.099609375
701.54419442807421,9573.099609375
701.73958886668083,9473.7333984375
701.93497706855374,9460.5
702.130359031769,9578.6669921875
702.32573475440233,9647.2001953125
702.52110423453041,9611.6337890625
702.71646747022942,9600.93359375
702.91182445957645,9606.3662109375
703.10717520064838,9599.1669921875
703.302519691523,9559.966796875
703.49785793027786,9456.7666015625
703.69318991499131,9373.93359375
703.88851564374124,9433.7998046875
704.08383511460681,9512.599609375
704.27914832566671,9602.533203125
704.47445527500054,9602.06640625
704.66975596068755,9566.06640625
704.86505038080747,9651.099609375
705.06033853344093,9565.966796875
705.25562041666819,9575.599609375
705.45089602857024,9587.033203125
705.64616536722792,9683.7333984375
705.84142843072266,9702.06640625
706.03668521713621,9639.7666015625
706.23193572455068,9598.7333984375
706.42717995104806,9582.2001953125
706.62241789471125,9545.2333984375
706.817649553623,9585.1669921875
707.01287492586653,9573.099609375
707.20809400952544,9550.7333984375
707.40330680268357,9601.6337890625
707.598513303425,9632.2001953125
707.79371350983388,9692.966796875
707.98890741999492,9731.7001953125
708.18409503199371,9597.400390625
708.37927634391519,9674.06640625
708.57445135384489,9718.400390625
708.769620059869,9705.93359375
708.96478246007359,9696.7001953125
709.15993855254533,9711.400390625
709.35508833537108,9615.6669921875
709.55023180663784,9678.1337890625
709.74536896443283,9604.3330078125
709.9404998068444,9592.400390625
710.13562433196023,9543.06640625
710.33074253786867,9612.400390625
710.52585442265854,9580.43359375
710.72095998441864,9602.43359375
710.91605922123858,9541.400390625
711.1111521312074,9473.93359375
711.30623871241573,9475
711.50131896295284,9594.7001953125
711.69639288091014,9562.1669921875
711.89146046437759,9637.56640625
712.08652171144684,9602.8330078125
712.28157662020931,9648.1337890625
712.47662518875643,9695.93359375
712.67166741518042,9600.599609375
712.86670329757362,9495.06640625
713.06173283402848,9512.8662109375
713.256756022638,9515.7333984375
713.45177286149544,9489.7333984375
713.64678334869438,9523.533203125
713.84178748232841,9540.7998046875
714.03678526049248,9587.1337890625
714.23177668127994,9645.1337890625
714.4267617427862,9541.93359375
714.62174044310632,9574.93359375
714.81671278033582,9552.966796875
715.01167875257,9583.466796875
715.20663835790492,9646.1337890625
715.401591594437,9597.599609375
715.596538460263,9534.1337890625
715.79147895347944,9504.466796875
715.986413072184,9521.466796875
716.18134081447374,9602.6337890625
716.37626217844672,9560.93359375
716.571177162201,9492
716.76608576383535,9531.2666015625
716.960987981448,9618.5
717.15588381313842,9641.8662109375
717.3507732570057,9594.966796875
717.54565631114963,9573.7998046875
717.74053297367016,9673.966796875
717.9354032426678,9663.06640625
718.13026711624275,9598.599609375
718.32512459249608,9550.2001953125
718.51997566952923,9530.3330078125
718.71482034544329,9510.599609375
718.90965861834059,9539.8330078125
719.10449048632279,9592.1669921875
719.29931594749246,9660.900390625
719.49413499995239,9601.8662109375
719.68894764180573,9447.966796875
719.88375387115582,9438.1337890625
720.07855368610626,9448.7333984375
720.273347084761,9459.7998046875
720.46813406522449,9323.7333984375
720.66291462560116,9352.1337890625
720.85768876399572,9415.8662109375
721.052456478514,9336.533203125
721.24721776726108,9371.1669921875
721.44197262834246,9407.533203125
721.63672105986518,9448.1337890625
721.83146305993512,9460.7666015625
722.026198626659,9482.400390625
722.22092775814406,9642.7001953125
722.41565045249752,9661.1337890625
722.61036670782744,9523.1669921875
722.80507652224117,9432.966796875
722.99977989384763,9408.3662109375
723.194476820755,9323.2001953125
723.38916730107258,9301.7001953125
723.58385133290938,9361.93359375
723.778528914375,9498.1337890625
723.973200043579,9555.1337890625
724.16786471863225,9601.2666015625
724.36252293764471,9594.099609375
724.55717469872684,9589.6337890625
724.75181999999063,9526.3662109375
724.94645883954672,9530.2666015625
725.14109121550723,9577.43359375
725.33571712598382,9534.56640625
725.5303365690894,9505.1669921875
725.72494954293609,9507
725.91955604563691,9492.8330078125
726.11415607530546,9479.7333984375
726.308749630055,9455.6669921875
726.50333670799955,9406.966796875
726.69791730725331,9340.2001953125
726.89249142593076,9374.533203125
727.08705906214652,9384.2666015625
727.28162021401624,9464.43359375
727.47617487965488,9434.7001953125
727.67072305717818,9397.56640625
727.8652647447027,9392.3662109375
728.05979994034431,9448.8330078125
728.25432864222012,9499.2001953125
728.44885084844668,9465.7998046875
728.64336655714169,9485.43359375
728.8378757664226,9383.966796875
729.03237847440732,9409.93359375
729.226874679214,9423.400390625
729.4213643789617,9372.56640625
729.61584757176877,9459.3330078125
729.81032425575461,9454.7333984375
730.00479442903861,9392.2666015625
730.19925808974074,9399
730.39371523598084,9364.1337890625
730.58816586587989,9350.2333984375
730.78260997755808,9369.06640625
730.97704756913674,9432.3662109375
731.1714786387372,9436.533203125
731.365903184481,9458.1337890625
731.56032120449038,9416.93359375
731.75473269688734,9337.2666015625
731.94913765979493,9208.6337890625
732.143536091336,9277.6337890625
732.33792798963339,9269.8330078125
732.532313352811,9317.1337890625
732.726692178993,9364.56640625
732.92106446630282,9465.6669921875
733.11543021286559,9465.2333984375
733.30978941680587,9362.2666015625
733.50414207624908,9417.033203125
733.69848818932007,9387.3330078125
733.89282775414529,9451
734.08716076885037,9512.43359375
734.28148723156187,9332.466796875
734.47580714040646,9216.2001953125
734.67012049351126,9252.6669921875
734.8644272890034,9332.43359375
735.05872752501068,9336.06640625
735.25302119966079,9303.7998046875
735.44730831108257,9291.599609375
735.64158885740414,9377.06640625
735.83586283675459,9338.033203125
736.03013024726306,9263.1669921875
736.22439108705908,9304.2998046875
736.41864535427248,9370.2666015625
736.61289304703371,9379.43359375
736.80713416347271,9320.56640625
737.001368701721,9351.7998046875
737.19559665990914,9333.033203125
737.38981803616855,9279.900390625
737.584032828631,9206.06640625
737.778241035429,9249.966796875
737.97244265469442,9282.2998046875
738.16663768456021,9215.8330078125
738.36082612315943,9127.966796875
738.555007968625,9111.400390625
738.74918321909092,9226.43359375
738.94335187269121,9194.8330078125
739.13751392755955,9241.099609375
739.33166938183126,9290.099609375
739.525818233641,9353.466796875
739.71996048112385,9373.56640625
739.91409612241534,9321.7998046875
740.10822515565155,9289.56640625
740.30234757896847,9261.033203125
740.4964633905023,9291.3662109375
740.69057258839052,9253.400390625
740.88467517076981,9162.93359375
741.0787711357774,9216.1669921875
741.27286048155179,9267.533203125
741.46694320623033,9233.7001953125
741.66101930795139,9184.033203125
741.85508878485416,9092.1337890625
742.04915163507758,9106.5
742.24320785676082,9124.400390625
742.43725744804328,9168.8330078125
742.6313004070654,9200.466796875
742.82533673196713,9196.1669921875
743.01936642088924,9235.966796875
743.213389471973,9346.2001953125
743.40740588335893,9313.533203125
743.60141565318906,9337.099609375
743.79541877960526,9268.7333984375
743.98941526074952,9193.5
744.18340509476445,9131
744.37738827979308,9183.533203125
744.57136481397822,9135.900390625
744.76533469546337,9168
744.95929792239269,9232.7998046875
745.15325449290992,9102.93359375
745.34720440515969,8991.033203125
745.54114765728661,9043.2666015625
745.735084247436,9123.3330078125
745.92901417375288,9078.5
746.12293743438306,9037.599609375
746.3168540274728,9010.900390625
746.51076395116809,9078.400390625
746.70466720361571,9091.93359375
746.89856378296281,9113.6669921875
747.09245368735662,9117.6669921875
747.2863369149444,9093.6337890625
747.48021346387463,9157.3330078125
747.67408333229548,9211.2998046875
747.8679465183551,9154.3330078125
748.06180302020255,9139.8662109375
748.25565283598735,9083.400390625
748.44949596385868,8954.033203125
748.64333240196663,8870.3330078125
748.8371621484614,8919.400390625
749.03098520149331,8975.533203125
749.224801559213,8923.2666015625
749.418611219772,8946.7666015625
749.6124141813217,8899.099609375
749.80621044201371,8899.2666015625
750,9030.033203125
750.19378285343339,9071.7001953125
750.38755900046635,9098
750.581328439252,9197.599609375
750.77509116794374,9157
750.96884718469516,9043.7001953125
751.16259648766038,9052.2001953125
751.35633907499368,9084.099609375
751.55007494484983,9086.599609375
751.74380409538367,9043.3330078125
751.93752652475075,9000.099609375
752.13124223110617,8958.033203125
752.32495121260649,8912.43359375
752.51865346740772,9015.2333984375
752.7123489936663,8987.3662109375
752.9060377895396,8995.7666015625
753.0997198531843,9035.3330078125
753.29339518275822,9078.7001953125
753.4870637764194,8956.6337890625
753.68072563232556,8909.6669921875
753.87438074863564,8895.2666015625
754.06802912350827,8876.8662109375
754.26167075510284,8928.7998046875
754.45530564157878,8862.6337890625
754.64893378109548,8930.56640625
754.84255517181384,8863.966796875
755.03616981189361,8869.1669921875
755.22977769949591,8850
755.42337883278185,8802.06640625
755.61697320991266,8761.3662109375
755.81056082905013,8760.1337890625
756.00414168835653,8810.3662109375
756.19771578599409,8877.5
756.39128312012554,8850.2998046875
756.58484368891379,8737.2998046875
756.77839749052259,8766.7666015625
756.97194452311521,8868.06640625
757.165484784856,8922.599609375
757.35901827390887,8831.7333984375
757.55254498843885,8823.93359375
757.74606492661053,8865.7998046875
757.93957808658968,8819.599609375
758.13308446654173,8855.533203125
758.32658406463247,8960.7666015625
758.52007687902824,8911.5
758.71356290789572,8885.466796875
758.90704214940206,8883.966796875
759.10051460171394,8845.400390625
759.29398026299941,8790.56640625
759.48743913142619,8735.466796875
759.68089120516242,8773.5
759.87433648237652,8719.400390625
760.06777496123777,8764.8330078125
760.261206639915,8714.1337890625
760.45463151657771,8599.93359375
760.64804958939612,8607.6337890625
760.84146085654015,8594.93359375
761.03486531618023,8629.6669921875
761.22826296648714,8646.5
761.42165380563245,8698.3662109375
761.61503783178682,8667.099609375
761.80841504312275,8627.2001953125
762.001785437812,8656.966796875
762.19514901402727,8667
762.388505769941,8610.533203125
762.58185570372643,8596.1669921875
762.775198813557,8690.5
762.96853509760649,8707.533203125
763.16186455404886,8729.7333984375
763.35518718105857,8767.1337890625
763.54850297681037,8825.966796875
763.74181193947891,8792.7998046875
763.93511406724031,8752.3330078125
764.12840935826966,8673.2001953125
764.3216978107431,8634.7666015625
764.5149794228372,8646.06640625
764.70825419272853,8549.2333984375
764.90152211859368,8576.099609375
765.09478319861057,8518.7666015625
765.28803743095648,8526.900390625
765.48128481380957,8555.8330078125
765.67452534534812,8536
765.86775902375075,8497.8662109375
766.06098584719643,8542.1669921875
766.25420581386436,8566.900390625
766.44741892193406,8522.900390625
766.64062516958575,8568.7001953125
766.83382455499952,8579.93359375
767.027017076356,8590.7001953125
767.22020273183625,8580.099609375
767.413381519621,8595.1337890625
767.60655343789244,8566.2001953125
767.79971848483228,8570.2333984375
767.99287665862266,8584.2998046875
768.18602795744607,8529.7001953125
768.37917237948557,8468.7333984375
768.57230992292432,8386.93359375
768.76544058594561,8325.099609375
768.95856436673375,8332.8330078125
769.15168126347271,8358.7333984375
769.3447912743469,8455.2998046875
769.53789439754132,8419.466796875
769.73099063124118,8427.5
769.924079973632,8490.1337890625
770.11716242289936,8482.6669921875
770.31023797722969,8545.3330078125
770.50330663480952,8599.6337890625
770.6963683938252,8622.7333984375
770.88942325246467,8620.966796875
771.08247120891463,8604.6337890625
771.27551226136325,8493.1337890625
771.4685464079987,8433.2333984375
771.66157364700939,8416.8330078125
771.85459397658394,8450.06640625
772.04760739491189,8444.2333984375
772.24061390018221,8433.3330078125
772.43361349058489,8379.3330078125
772.62660616431026,8359
772.81959191954866,8374.43359375
773.01257075449041,8371.099609375
773.20554266732711,8329.8662109375
773.39850765624976,8341.6669921875
773.59146571945064,8318.93359375
773.78441685512144,8290.466796875
773.97736106145476,8315.900390625
774.17029833664344,8341.400390625
774.3632286788802,8395.2001953125
774.55615208635879,8444.6669921875
774.74906855727272,8351
774.94197808981608,8365.7001953125
775.13488068218328,8391.7998046875
775.32777633256921,8362.56640625
775.52066503916876,8383.3330078125
775.71354680017737,8326.7998046875
775.90642161379083,8248.966796875
776.09928947820492,8204.8662109375
776.29215039161647,8180.2333984375
776.48500435222172,8205.3330078125
776.677851358218,8262.3330078125
776.8706914078025,8263.099609375
777.06352449917313,8222.2333984375
777.25635063052755,8289.06640625
777.44916980006451,8223.966796875
777.64198200598264,8137.36669921875
777.83478724648091,8050.83349609375
778.02758551975853,8101.06689453125
778.22037682401549,8218.3330078125
778.41316115745121,8219.599609375
778.605938518267,8158.06689453125
778.79870890466248,8161.63330078125
778.9914723148396,8260.900390625
779.184228746999,8284.599609375
779.37697819934272,8266.900390625
779.5697206700728,8286.099609375
779.7624561573914,8249.099609375
779.95518465950124,8111.2333984375
780.1479061746054,8083.033203125
780.340620700907,8094.7001953125
780.53332823661015,8178.966796875
780.72602877991835,8227.8662109375
780.91872232903609,8184.966796875
781.11140888216835,8122.2333984375
781.30408843751957,8130.56689453125
781.49676099329542,8190.7666015625
781.68942654770183,8186.86669921875
781.88208509894412,8148.36669921875
782.07473664522922,8145.36669921875
782.26738118476351,8113.5
782.46001871575413,8063.63330078125
782.65264923640791,8144.63330078125
782.84527274493325,8143.5
783.03788923953766,8075.966796875
783.23049871842954,7975.2998046875
783.42310117981776,8029.86669921875
783.61569662191107,7987.966796875
783.8082850429189,7928.2001953125
784.00086644105079,7943.83349609375
784.19344081451709,8030.2333984375
784.38600816152757,8000.7998046875
784.57856848029314,7951.2998046875
784.77112176902517,7957.89990234375
784.96366802593457,7928.533203125
785.15620724923292,7886.2998046875
785.34873943713251,7931.93310546875
785.54126458784549,7959.466796875
785.73378269958448,8037.533203125
785.92629377056278,8059.36669921875
786.11879779899323,7961.7333984375
786.31129478308981,7965.033203125
786.50378472106661,7964.5
786.69626761113784,7857.33349609375
786.888743451518,7871.36669921875
787.08121224042247,7933.466796875
787.27367397606622,7925.2001953125
787.46612865666509,7923.83349609375
787.65857628043511,7918.60009765625
787.85101684559243,7866.533203125
788.04345035035408,7836.63330078125
788.23587679293666,7892.63330078125
788.42829617155769,7922.63330078125
788.620708484435,7900.7001953125
788.81311372978655,7841.533203125
789.00551190583053,7927.16650390625
789.19790301078558,7985
789.39028704287114,8015.13330078125
789.58266400030618,8006.033203125
789.77503388131049,7870.06689453125
789.967396684104,7772.83349609375
790.15975240690716,7839.93310546875
790.352101047941,7777.86669921875
790.54444260542584,7685.2998046875
790.73677707758372,7729.7001953125
790.92910446263591,7848.7001953125
791.12142475880489,7864.33349609375
791.31373796431251,7792.7333984375
791.50604407738206,7747.10009765625
791.69834309623616,7685
791.89063501909811,7680.2998046875
792.08291984419213,7718.2001953125
792.27519756974164,7724.83349609375
792.46746819397174,7750.33349609375
792.65973171510655,7798.06689453125
792.85198813137163,7838.60009765625
793.04423744099211,7865.39990234375
793.23647964219379,7794.7998046875
793.42871473320281,7765.533203125
793.62094271224532,7653.83349609375
793.81316357754838,7539.86669921875
794.005377327339,7609.66650390625
794.19758395984468,7641.93310546875
794.389783473293,7688.63330078125
794.581975865912,7736.83349609375
794.7741611359304,7739.16650390625
794.96633928157689,7767.2666015625
795.15851030108047,7750.7998046875
795.35067419267091,7725
795.54283095457754,7614.36669921875
795.73498058503071,7521.39990234375
795.92712308226078,7526.466796875
796.11925844449888,7547.39990234375
796.311386669976,7586.66650390625
796.50350775692323,7589.2666015625
796.69562170357267,7567.93310546875
796.88772850815656,7655.533203125
797.0798281689074,7696.63330078125
797.27192068405816,7669.533203125
797.46400605184147,7628.39990234375
797.65608427049142,7614.533203125
797.84815533824133,7556.7998046875
798.04021925332609,7550.966796875
798.23227601397946,7633.2998046875
798.42432561843657,7622.10009765625
798.61636806493289,7576.7666015625
798.80840335170376,7533.7333984375
799.00043147698489,7505.43310546875
799.19245243901253,7499.2998046875
799.38446623602385,7453.60009765625
799.57647286625479,7517.60009765625
799.7684723279433,7569.93310546875
799.96046461932656,7526.966796875
800.15244973864242,7530.2001953125
800.34442768412976,7495.13330078125
800.53639845402654,7517.7001953125
800.72836204657187,7528.7333984375
800.92031846000509,7463.7333984375
801.11226769256575,7453.36669921875
801.30420974249364,7500
801.49614460802945,7474.06689453125
801.68807228741343,7510.5
801.87999277888662,7503.10009765625
802.0719060806905,7455.13330078125
802.26381219106645,7414.83349609375
802.45571110825688,7413.533203125
802.64760283050384,7446.06689453125
802.83948735604974,7416.86669921875
803.031364683138,7457.83349609375
803.22323481001183,7443.966796875
803.41509773491487,7457.33349609375
803.60695345609111,7469.63330078125
803.798801971785,7497.7001953125
803.99064328024144,7504.43310546875
804.18247737970512,7502.2333984375
804.37430426842161,7523.06689453125
804.56612394463662,7594.60009765625
804.75793640659629,7584.7666015625
804.94974165254666,7571.33349609375
805.14153968073515,7538.36669921875
805.33333048940835,7594.93310546875
805.52511407681379,7595.533203125
805.71689044119944,7514.2998046875
805.90865958081326,7470.83349609375
806.10042149390335,7478.7333984375
806.29217617871927,7437.43310546875
806.48392363350968,7482.7001953125
806.67566385652412,7401.966796875
806.86739684601253,7454.16650390625
807.0591226002249,7530.2666015625
807.25084111741182,7608.966796875
807.44255239582424,7649.966796875
807.63425643371329,7616.5
807.82595322933025,7572.7001953125
808.01764278092742,7482.466796875
808.20932508675662,7411.10009765625
808.40100014507107,7392.033203125
808.5926679541227,7441.63330078125
808.78432851216553,7538.56689453125
808.97598181745263,7643.66650390625
809.16762786823836,7658.93310546875
809.35926666277669,7569.2333984375
809.55089819932243,7575.7666015625
809.74252247613038,7550.36669921875
809.934139491456,7460.66650390625
810.12574924355476,7489.466796875
810.31735173068273,7558.33349609375
810.50894695109616,7522.7666015625
810.70053490305213,7492.2998046875
810.89211558480679,7516
811.08368899461834,7512.63330078125
811.27525513074409,7413.033203125
811.46681399144188,7389.7998046875
811.65836557497073,7414.66650390625
811.84990987958872,7430.5
812.0414469035552,7347.10009765625
812.23297664512961,7271.7666015625
812.42449910257187,7294.033203125
812.61601427414166,7405.93310546875
812.80752215809946,7448.2998046875
812.99902275270665,7386.7998046875
813.1905160562236,7399.83349609375
813.38200206691238,7400.89990234375
813.57348078303426,7443.16650390625
813.764952202852,7409.60009765625
813.95641632462775,7376.06689453125
814.14787314662431,7341.86669921875
814.33932266710485,7328.66650390625
814.53076488433317,7332.2001953125
814.722199796573,7324.43310546875
814.91362740208865,7376.39990234375
815.10504769914462,7352.60009765625
815.296460686006,7248.86669921875
815.48786636093769,7218.033203125
815.67926472220552,7221.533203125
815.87065576807515,7260.10009765625
816.06203949681333,7352.66650390625
816.25341590668654,7360.2666015625
816.44478499596175,7270.2666015625
816.63614676290626,7176.36669921875
816.82750120578771,7147.63330078125
817.01884832287408,7144.2001953125
817.2101881124338,7066.2998046875
817.40152057273565,7035.39990234375
817.59284570204829,7105.2998046875
817.78416349864187,7143.83349609375
817.97547396078562,7255.56689453125
818.16677708674956,7298.7666015625
818.35807287480429,7310.7333984375
818.54936132322041,7257.86669921875
818.74064243026953,7179.86669921875
818.93191619422259,7167.5
819.12318261335167,7161.39990234375
819.314441685929,7145.033203125
819.50569341022674,7039.06689453125
819.69693778451813,7042.63330078125
819.8881748070761,7016.83349609375
820.07940447617443,7018.43310546875
820.27062679008657,7036.56689453125
820.46184174708731,7085.2333984375
820.65304934545088,7089.2333984375
820.84424958345244,7124.06689453125
821.035442459367,7121.966796875
821.22662797147063,7104.66650390625
821.41780611803881,7127.2998046875
821.60897689734793,7032.7666015625
821.80014030767484,7034.033203125
821.9912963472965,6992.966796875
822.18244501449021,6916.033203125
822.37358630753374,6878.2333984375
822.56472022470484,6914.66650390625
822.75584676428252,6882.89990234375
822.94696592454511,6870.5
823.13807770377139,6878.36669921875
823.3291821002415,6907.93310546875
823.52027911223479,6971.60009765625
823.71136873803152,6935.66650390625
823.902450975912,6856.33349609375
824.09352582415727,6870.63330078125
824.28459328104839,6872.39990234375
824.47565334486694,6873.93310546875
824.66670601389467,6893.36669921875
824.85775128641387,6801.2666015625
825.04878916070732,6813.7666015625
825.23981963505753,6834.63330078125
825.430842707748,6844.2998046875
825.62185837706227,6758.93310546875
825.81286664128424,6747.2998046875
826.00386749869836,6777.36669921875
826.19486094758918,6770.13330078125
826.38584698624186,6711.66650390625
826.57682561294132,6743.13330078125
826.76779682597362,6698
826.95876062362458,6693.033203125
827.149717004181,6695.2001953125
827.34066596592913,6756.966796875
827.53160750715642,6729.7998046875
827.72254162615,6726.60009765625
827.9134683211978,6644.36669921875
828.1043875905882,6602.7666015625
828.29529943260923,6556.33349609375
828.48620384555,6573.2001953125
828.67710082769941,6607.2001953125
828.8679903773475,6645.39990234375
829.05887249278339,6658.13330078125
829.24974717229816,6674.7666015625
829.44061441418182,6681.86669921875
829.63147421672545,6620.7001953125
829.82232657822044,6546.2998046875
830.01317149695819,6617.2666015625
830.20400897123091,6641.2333984375
830.39483899933055,6648.86669921875
830.58566157955011,6619.06689453125
830.77647671018246,6650.466796875
830.967284389521,6698.89990234375
831.15808461585959,6676.13330078125
831.34887738749217,6686.60009765625
831.539662702713,6643.2333984375
831.73044055981711,6652.033203125
831.92121095709945,6598
832.11197389285553,6543.2998046875
832.30272936538131,6541.43310546875
832.49347737297262,6474.43310546875
832.68421791392655,6412.033203125
832.87495098653926,6449.56689453125
833.06567658910842,6525.39990234375
833.25639471993145,6536.13330078125
833.44710537730634,6625.33349609375
833.63780855953121,6592.56689453125
833.82850426490518,6526.16650390625
834.01919249172659,6455.33349609375
834.2098732382949,6443.13330078125
834.40054650291,6396.7001953125
834.59121228387176,6431.63330078125
834.78187057948037,6439.7666015625
834.972521388037,6415.86669921875
835.1631647078425,6502.93310546875
835.35380053719825,6507.7998046875
835.544428874406,6512.60009765625
835.73504971776777,6428.966796875
835.92566306558649,6362.33349609375
836.11626891616459,6387
836.306867267805,6366.93310546875
836.49745811881189,6308.16650390625
836.688041467489,6348.13330078125
836.87861731214014,6377.43310546875
837.06918565107037,6378
837.25974648258455,6314.83349609375
837.45029980498748,6364.466796875
837.64084561658512,6346.2001953125
837.83138391568377,6371.2998046875
838.0219147005896,6353.5
838.2124379696088,6330.533203125
838.40295372104913,6304.60009765625
838.59346195321768,6301.43310546875
838.78396266442189,6307.83349609375
838.97445585297066,6317.7998046875
839.16494151717166,6346
839.355419655334,6356.7666015625
839.54589026576673,6356.466796875
839.73635334677988,6339.466796875
839.92680889668236,6319.06689453125
840.11725691378535,6303.966796875
840.30769739639857,6315.2666015625
840.49813034283352,6299.2998046875
840.6885557514014,6293.7001953125
840.87897362041372,6314.7001953125
841.06938394818235,6289.43310546875
841.25978673302,6264.466796875
841.450181973239,6178.39990234375
841.64056966715259,6146.86669921875
841.83094981307386,6156.63330078125
842.02132240931689,6240.13330078125
842.21168745419561,6295.7001953125
842.4020449460246,6219.533203125
842.59239488311823,6209.2333984375
842.78273726379234,6230
842.973072086362,6217.7666015625
843.16339934914311,6235.533203125
843.35371905045179,6254
843.54403118860489,6244.2333984375
843.73433576191951,6217.7333984375
843.92463276871183,6193.7001953125
844.11492220730076,6160.13330078125
844.305204076004,6146.06689453125
844.49547837313924,6191.16650390625
844.6857450970258,6230.2998046875
844.87600424598281,6208.66650390625
845.06625581832907,6172.89990234375
845.25649981238428,6209.63330078125
845.44673622646951,6205.60009765625
845.63696505890425,6120.33349609375
845.82718630800991,6061.60009765625
846.01739997210734,6062.86669921875
846.207606049518,6034.966796875
846.39780453856417,6099.2998046875
846.58799543756777,6097.466796875
846.7781787448514,6092.13330078125
846.96835445873808,6060.66650390625
847.158522577551,6042.36669921875
847.34868309961394,6042
847.538836023251,6061.63330078125
847.72898134678587,6064.93310546875
847.91911906854432,6046.16650390625
848.10924918685066,6059.7998046875
848.29937170003052,6065.466796875
848.48948660640974,6033
848.67959390431429,5996.56689453125
848.86969359207114,5991.7001953125
849.05978566800638,6008.83349609375
849.24987013044779,6029.93310546875
849.43994697772257,6149.10009765625
849.63001620815908,6159.7666015625
849.8200778200852,6113.43310546875
850.01013181182952,6075.63330078125
850.20017818172107,6070.33349609375
850.39021692808933,6105.63330078125
850.58024804926413,6070.66650390625
850.77027154357506,5995.83349609375
850.96028740935287,5964.7666015625
851.15029564492841,5984.5
851.3402962486324,6035.533203125
851.53028921879593,6035
851.72027455375223,5963.2333984375
851.91025225183228,5936.86669921875
852.10022231136873,5903.533203125
852.29018473069482,5884.89990234375
852.48013950814391,5872.86669921875
852.670086642049,5908.533203125
852.8600261307447,5984.2666015625
853.04995797256481,6017.06689453125
853.23988216584462,6009
853.42979870891827,5862.2001953125
853.61970760012218,5894.7001953125
853.80960883779119,5900.63330078125
853.99950242026182,5941.16650390625
854.18938834587038,5934.63330078125
854.37926661295353,5872.66650390625
854.56913721984938,5896.33349609375
854.75900016489413,5936.7333984375
854.94885544642648,5942.83349609375
855.13870306278477,5889.2998046875
855.328543012307,5822.93310546875
855.51837529333227,5780.466796875
855.70819990420046,5840.7998046875
855.89801684325028,5864.93310546875
856.0878261088227,5915
856.27762769925755,5963.533203125
856.46742161289535,5933.39990234375
856.657207848078,5916.10009765625
856.84698640314627,5842.89990234375
857.03675727644224,5837
857.22652046630844,5833.16650390625
857.41627597108652,5883.966796875
857.60602378912,5867.39990234375
857.79576391875173,5893.033203125
857.98549635832592,5860.63330078125
858.17522110618586,5894.89990234375
858.36493816067662,5892.60009765625
858.55464752014188,5895.33349609375
858.74434918292718,5914.2998046875
858.93404314737836,5835.60009765625
859.12372941184071,5792.533203125
859.31340797466009,5726.2666015625
859.50307883418327,5694.2666015625
859.69274198875678,5700.36669921875
859.88239743672875,5718.06689453125
860.0720451764455,5746.2001953125
860.26168520625538,5768.43310546875
860.451317524507,5770.10009765625
860.64094212954842,5717.60009765625
860.83055901972932,5686.43310546875
861.02016819339826,5687.56689453125
861.20976964890519,5744.06689453125
861.39936338460075,5837.7998046875
861.58894939883419,5877.533203125
861.7785276899574,5879.43310546875
861.96809825632056,5801.66650390625
862.157661096276,5794.43310546875
862.347216208175,5798.7666015625
862.5367635903699,5809.89990234375
862.72630324121326,5800.2666015625
862.91583515905825,5828.83349609375
863.10535934225811,5862.533203125
863.2948757891661,5771.66650390625
863.48438449813625,5738.2998046875
863.67388546752341,5692.89990234375
863.86337869568217,5682.7001953125
864.05286418096682,5667.2001953125
864.24234192173378,5621.89990234375
864.43181191633823,5647.89990234375
864.621274163137,5704.93310546875
864.810728660486,5678.86669921875
865.000175406742,5645.7001953125
865.18961440026283,5633.7333984375
865.37904563940583,5601.66650390625
865.56846912252888,5618.966796875
865.75788484799011,5591.2001953125
865.9472928141488,5643.66650390625
866.136693019363,5683.533203125
866.32608546199333,5675.7001953125
866.51547014039841,5628.2666015625
866.70484705293893,5543.63330078125
866.89421619797577,5533.16650390625
867.08357757386875,5485.66650390625
867.27293117897989,5506.7998046875
867.46227701167027,5538.533203125
867.65161507030211,5580
867.84094535323766,5642.5
868.03026785883958,5708.2998046875
868.21958258547068,5725.33349609375
868.40888953149454,5716.533203125
868.59818869527464,5589.89990234375
868.78748007517538,5596.83349609375
868.9767636695608,5601.33349609375
869.16603947679607,5603.43310546875
869.35530749524617,5617.13330078125
869.54456772327683,5584.466796875
869.73382015925347,5510.33349609375
869.92306480154286,5517.83349609375
870.11230164851133,5493.466796875
870.30153069852588,5522.533203125
870.49075194995385,5549.7333984375
870.67996540116326,5532.10009765625
870.869171050522,5537.16650390625
871.05836889639806,5512.7666015625
871.24755893716053,5519.89990234375
871.43674117117837,5444.86669921875
871.62591559682164,5462.7666015625
871.81508221246008,5507.5
872.00424101646308,5487.533203125
872.19339200720231,5523.033203125
872.38253518304793,5575.966796875
872.57167054237141,5628
872.76079808354507,5614.83349609375
872.94991780494013,5617.2333984375
873.1390297049295,5628.86669921875
873.32813378188553,5665.7998046875
873.51723003418169,5670.93310546875
873.7063184601916,5718.60009765625
873.89539905828838,5698.466796875
874.084471826847,5644.06689453125
874.2735367642415,5604.533203125
874.46259386884742,5648.033203125
874.65164313903949,5627.2666015625
874.84068457319381,5651.83349609375
875.02971816968579,5616.2333984375
875.21874392689256,5612.93310546875
875.40776184319031,5624.2001953125
875.59677191695664,5579.2666015625
875.78577414656843,5613.63330078125
875.97476853040394,5592.7666015625
876.16375506684108,5597.13330078125
876.35273375425879,5556.2998046875
876.54170459103591,5543.39990234375
876.73066757555159,5569.36669921875
876.91962270618524,5606.7001953125
877.10856998131749,5620.86669921875
877.29750939932819,5648
877.48644095859811,5654.60009765625
877.67536465750868,5630.2333984375
877.86428049444146,5651.2333984375
878.05318846777789,5615
878.24208857589986,5593.2001953125
