3.18701136563401,188.033340454102
3.18537825445359,188.33332824707
3.18374686831625,188.533340454102
3.18211720450866,189.33332824707
3.18048926032316,190.100006103516
3.17886303305779,190.433334350586
3.17723852001621,190.733337402344
3.17561571850774,191.83332824707
3.17399462584735,191.533340454102
3.17237523935558,193.066665649414
3.1707575563586,195.16667175293
3.16914157418814,194.033340454102
3.16752729018152,195.83332824707
3.16591470168161,196.266662597656
3.16430380603681,195.800003051758
3.16269460060105,197.233337402344
3.16108708273377,197.266662597656
3.15948124979991,198.100006103516
3.1578770991699,198.866668701172
3.15627462821961,198.633331298828
3.1546738343304,200.466659545898
3.15307471488904,201.100006103516
3.15147726728775,201.699996948242
3.14988148892414,202.066665649414
3.14828737720123,203.366668701172
3.14669492952743,204.633331298828
3.1451041433165,205.399993896484
3.14351501598757,205
3.1419275449651,206.266662597656
3.1403417276789,207
3.13875756156408,207.733337402344
3.13717504406104,207.83332824707
3.13559417261548,207.66667175293
3.13401494467837,210.899993896484
3.13243735770596,212.233337402344
3.1308614091597,212.199996948242
3.12928709650631,212.600006103516
3.12771441721773,212.633331298828
3.12614336877107,213.866668701172
3.12457394864868,217.066665649414
3.12300615433805,215.866668701172
3.12143998333186,216.633331298828
3.11987543312792,217.199996948242
3.11831250122921,217.83332824707
3.11675118514381,220.600006103516
3.11519148238491,223.600006103516
3.11363339047083,220.5
3.11207690692494,222.66667175293
3.1105220292757,225.133331298828
3.10896875505665,222.966659545898
3.10741708180635,224.66667175293
3.10586700706839,224.866668701172
3.10431852839141,226.633331298828
3.10277164332904,226.899993896484
3.10122634943992,228.033340454102
3.09968264428764,229.199996948242
3.09814052544081,230.899993896484
3.09659999047296,230.866668701172
3.09506103696258,233.566665649414
3.09352366249309,233.899993896484
3.09198786465283,233.800003051758
3.09045364103506,237.100006103516
3.08892098923792,237.533340454102
3.08738990686443,236.866668701172
3.08586039152249,239.66667175293
3.08433244082487,240.233337402344
3.08280605238915,239.766662597656
3.08128122383778,241.16667175293
3.07975795279802,242.366668701172
3.07823623690192,243.933334350586
3.07671607378636,246.5
3.07519746109298,245.66667175293
3.07368039646819,248.933334350586
3.07216487756319,249.433334350586
3.07065090203389,250.566665649414
3.06913846754097,251.933334350586
3.06762757174982,253.699996948242
3.06611821233053,258.266662597656
3.06461038695791,259.433319091797
3.06310409331146,259.266662597656
3.06159932907534,261.566680908203
3.06009609193839,259.600006103516
3.05859437959409,265.733337402344
3.05709418974058,265.700012207031
3.05559552008062,268.833343505859
3.05409836832158,270.766662597656
3.05260273217546,269.5
3.05110860935882,273.266662597656
3.04961599759285,274.766662597656
3.04812489460328,279.066680908203
3.0466352981204,281.200012207031
3.04514720587906,280.299987792969
3.04366061561865,283.266662597656
3.04217552508308,286.966674804688
3.04069193202079,288.200012207031
3.03920983418469,290.133331298828
3.03772922933223,294.166656494141
3.0362501152253,296.5
3.03477248963028,293.933319091797
3.03329635031801,297.533325195313
3.03182169506377,304.466674804688
3.03034852164728,304.899993896484
3.0288768278527,309.033325195313
3.02740661146858,309.100006103516
3.0259378702879,311.100006103516
3.024470602108,317.933319091797
3.02300480473064,318.633331298828
3.02154047596193,320.533325195313
3.02007761361233,327.933319091797
3.01861621549668,322.866668701172
3.01715627943413,320.033325195313
3.01569780324818,326.799987792969
3.01424078476663,332.766662597656
3.01278522182159,333.433319091797
3.01133111224948,341.5
3.00987845389098,335.733337402344
3.00842724459107,336.266662597656
3.00697748219898,339.866668701172
3.00552916456821,350.899993896484
3.00408228955646,351.266662597656
3.00263685502572,351.066680908203
3.00119285884216,354.833343505859
2.99975029887619,353.899993896484
2.99830917300239,357.466674804688
2.99686947909955,367.866668701172
2.99543121505065,369.100006103516
2.99399437874283,364.466674804688
2.99255896806737,369.700012207031
2.99112498091975,373.066680908203
2.98969241519953,374.533325195313
2.98826126881044,383.233337402344
2.98683153966031,377.200012207031
2.9854032256611,384.533325195313
2.98397632472885,388.5
2.98255083478369,385.5
2.98112675374984,393.399993896484
2.97970407955558,392.266662597656
2.97828281013324,393.399993896484
2.97686294341923,405.033325195313
2.97544447735398,410.866668701172
2.97402740988193,405.566680908203
2.97261173895157,408.233337402344
2.9711974625154,408.100006103516
2.96978457852989,417
2.96837308495553,425.266662597656
2.96696297975677,426
2.96555426090204,423.233337402344
2.96414692636374,426.266662597656
2.96274097411821,433.833343505859
2.96133640214572,432.333343505859
2.95993320843051,442.966674804688
2.95853139096069,441.833343505859
2.95713094772833,444.466674804688
2.95573187672939,441.633331298828
2.9543341759637,447.566680908203
2.952937843435,455.633331298828
2.95154287715091,455.233337402344
2.95014927512289,461.600006103516
2.94875703536627,470.033325195313
2.94736615590024,471.733337402344
2.94597663474781,467.533325195313
2.94458846993583,467.033325195313
2.94320165949494,474.899993896484
2.94181620145964,480.233337402344
2.94043209386819,487.799987792969
2.93904933476266,487.233337402344
2.9376679221889,486.366668701172
2.93628785419652,485.733337402344
2.93490912883892,492.700012207031
2.93353174417322,498.899993896484
2.93215569826033,507.966674804688
2.93078098916485,509.966674804688
2.92940761495515,514.633361816406
2.92803557370329,518.233337402344
2.92666486348506,516.666687011719
2.92529548237993,516.299987792969
2.92392742847107,521.799987792969
2.92256069984536,528.566650390625
2.92119529459331,533.900024414063
2.91983121080912,538.799987792969
2.91846844659066,532.233337402344
2.91710700003941,537.400024414063
2.91574686926053,540.533325195313
2.91438805236278,553.066650390625
2.91303054745857,549
2.9116743526639,556.5
2.91031946609837,557.633361816406
2.90896588588521,565.200012207031
2.9076136101512,555.766662597656
2.90626263702673,561.433349609375
2.90491296464573,563.900024414063
2.90356459114572,574.033325195313
2.90221751466776,591.633361816406
2.90087173335645,598.133361816406
2.89952724535994,586.233337402344
2.89818404882989,591.633361816406
2.89684214192149,584.266662597656
2.89550152279346,590.433349609375
2.89416218960798,601.833312988281
2.89282414053076,601.166687011719
2.891487373731,590.799987792969
2.89015188738133,605.533325195313
2.88881767965791,615.599975585938
2.88748474874033,615.566650390625
2.88615309281163,616.233337402344
2.8848227100583,634.033325195313
2.88349359867029,615.633361816406
2.88216575684094,621.466674804688
2.88083918276703,632.466674804688
2.87951387464876,639.400024414063
2.87818983068972,637.633361816406
2.87686704909691,645.366638183594
2.8755455280807,647
2.87422526585487,640.366638183594
2.87290626063654,664.966674804688
2.87158851064622,657.266662597656
2.87027201410775,657.733337402344
2.86895676924835,673.366638183594
2.86764277429856,672.133361816406
2.86633002749225,681.533325195313
2.86501852706664,680.333312988281
2.86370827126224,686.133361816406
2.86239925832288,688.466674804688
2.86109148649569,693.599975585938
2.8597849540311,695.066650390625
2.85847965918283,697.666687011719
2.85717560020785,704.900024414063
2.85587277536644,713.033325195313
2.85457118292212,732.400024414063
2.85327082114166,740.400024414063
2.8519716882951,726
2.8506737826557,726.733337402344
2.84937710249996,725.833312988281
2.84808164610762,734.299987792969
2.84678741176161,753.166687011719
2.84549439774809,758.433349609375
2.84420260235641,760.133361816406
2.84291202387912,768.900024414063
2.84162266061197,758.766662597656
2.84033451085387,750.233337402344
2.83904757290691,764.933349609375
2.83776184507636,774.033325195313
2.83647732567062,793.166687011719
2.83519401300126,791.833312988281
2.833911905383,797.5
2.83263100113367,795.633361816406
2.83135129857426,787.866638183594
2.83007279602885,784.466674804688
2.82879549182465,796.333312988281
2.82751938429199,811.566650390625
2.82624447176428,824.533325195313
2.82497075257802,818.666687011719
2.82369822507282,816.299987792969
2.82242688759134,827.599975585938
2.82115673847933,827.299987792969
2.8198877760856,844.966674804688
2.81861999876201,834.533325195313
2.81735340486347,847.366638183594
2.81608799274795,852.466674804688
2.81482376077643,870.366638183594
2.81356070731294,875.066650390625
2.81229883072452,863.633361816406
2.81103812938123,852.400024414063
2.80977860165613,850.700012207031
2.8085202459253,862.566650390625
2.80726306056779,877.133361816406
2.80600704396566,894.633361816406
2.80475219450392,891.799987792969
2.80349851057059,893.633361816406
2.80224599055662,906.733337402344
2.80099463285596,907.366638183594
2.79974443586547,902.866638183594
2.798495397985,906.400024414063
2.79724751761729,916.366638183594
2.79600079316805,907.633361816406
2.79475522304591,922.433349609375
2.79351080566241,939.433349609375
2.79226753943201,936.333312988281
2.79102542277206,943.933349609375
2.78978445410283,941.933349609375
2.78854463184748,950.966674804688
2.78730595443204,951.266662597656
2.78606842028543,950.533325195313
2.78483202783944,962.366638183594
2.78359677552874,971.233337402344
2.78236266179083,966.766662597656
2.78112968506609,976.533325195313
2.77989784379774,1007.43334960938
2.77866713643183,1000.5
2.77743756141725,985.566650390625
2.77620911720573,995.766662597656
2.77498180225179,1008.86663818359
2.7737556150128,1006.59997558594
2.77253055394891,1023.33331298828
2.77130661752308,1023.33331298828
2.77008380420108,1023.66668701172
2.76886211245145,1038.90002441406
2.76764154074551,1036.33337402344
2.76642208755738,1015.93334960938
2.76520375136392,1031.03332519531
2.76398653064478,1059.86669921875
2.76277042388234,1073.43334960938
2.76155542956176,1063.16662597656
2.76034154617093,1056.56665039063
2.75912877220047,1068.96667480469
2.75791710614375,1066.96667480469
2.75670654649686,1115.56665039063
2.7554970917586,1104.90002441406
2.75428874043049,1075.23327636719
2.75308149101678,1065.53332519531
2.75187534202438,1068.26672363281
2.75067029196293,1093.80004882813
2.74946633934474,1097.53332519531
2.74826348268481,1110.63330078125
2.74706172050082,1107.93334960938
2.74586105131311,1122.5
2.74466147364471,1141.66662597656
2.74346298602129,1131.36669921875
2.74226558697116,1125.5
2.74106927502531,1126.80004882813
2.73987404871735,1126.46667480469
2.73867990658354,1141.19995117188
2.73748684716274,1152.69995117188
2.73629486899648,1145.06665039063
2.73510397062886,1139.03332519531
2.73391415060662,1168.36669921875
2.7327254074791,1185.06665039063
2.73153773979825,1185.46667480469
2.73035114611859,1209.06665039063
2.72916562499725,1187.33337402344
2.72798117499394,1166.80004882813
2.72679779467093,1157.19995117188
2.72561548259309,1190.73327636719
2.72443423732783,1194.16662597656
2.72325405744512,1216.09997558594
2.72207494151751,1222.56665039063
2.72089688812008,1240.23327636719
2.71971989583045,1224.33337402344
2.71854396322878,1211.86669921875
2.71736908889776,1196.03332519531
2.71619527142262,1185.83337402344
2.71502250939109,1203.09997558594
2.71385080139342,1254.03332519531
2.71268014602237,1264.13330078125
2.71151054187322,1248.76672363281
2.71034198754372,1224.06665039063
2.70917448163414,1225.09997558594
2.7080080227472,1261.83337402344
2.70684260948814,1268.43334960938
2.70567824046465,1235.13330078125
2.7045149142869,1248.86669921875
2.70335262956752,1255.36669921875
2.70219138492162,1265
2.70103117896672,1271.80004882813
2.69987201032284,1287.80004882813
2.6987138776124,1287.09997558594
2.69755677946028,1297.09997558594
2.69640071449379,1286.76672363281
2.69524568134266,1288.43334960938
2.69409167863905,1334.43334960938
2.69293870501752,1328.36669921875
2.69178675911507,1292.30004882813
2.69063583957107,1308.90002441406
2.68948594502732,1325.86669921875
2.688337074128,1333.76672363281
2.68718922551968,1336.69995117188
2.68604239785131,1324.16662597656
2.68489658977423,1326.06665039063
2.68375179994216,1346.53332519531
2.68260802701116,1357.53332519531
2.68146526963967,1377.83337402344
2.68032352648851,1382.36669921875
2.67918279622081,1368.56665039063
2.67804307750208,1358.36669921875
2.67690436900015,1389.93334960938
2.67576666938522,1408.56665039063
2.67462997732979,1392.36669921875
2.67349429150871,1381.36669921875
2.67235961059912,1371.83337402344
2.67122593328052,1379.83337402344
2.67009325823469,1420.69995117188
2.66896158414573,1395.96667480469
2.66783090970004,1424.19995117188
2.66670123358631,1403.90002441406
2.66557255449554,1440.73327636719
2.66444487112101,1473.69995117188
2.66331818215825,1474.43334960938
2.66219248630512,1428.30004882813
2.66106778226172,1437.16662597656
2.65994406873042,1450.66662597656
2.65882134441585,1437.93334960938
2.65769960802491,1445.69995117188
2.65657885826674,1527
2.65545909385274,1556.33337402344
2.65434031349653,1520.5
2.65322251591399,1504.09997558594
2.65210569982322,1489.73327636719
2.65098986394456,1518.36669921875
2.64987500700056,1523.40002441406
2.64876112771599,1509.56665039063
2.64764822481784,1501.63330078125
2.64653629703531,1579.86669921875
2.64542534309978,1586.59997558594
2.64431536174487,1572.63330078125
2.64320635170637,1535.59997558594
2.64209831172224,1509.43334960938
2.64099124053267,1537.59997558594
2.63988513687999,1594.86669921875
2.63877999950873,1567.36669921875
2.63767582716558,1561.43334960938
2.6365726185994,1598.30004882813
2.63547037256121,1616.40002441406
2.63436908780418,1635.46667480469
2.63326876308364,1630.23327636719
2.63216939715706,1623.40002441406
2.63107098878407,1616.03332519531
2.62997353672642,1627.80004882813
2.62887703974799,1635.59997558594
2.62778149661481,1685.33337402344
2.62668690609501,1665.93334960938
2.62559326695886,1647.03332519531
2.62450057797874,1659.40002441406
2.62340883792913,1687.13330078125
2.62231804558663,1670.33337402344
2.62122819972993,1658.06665039063
2.62013929913982,1630.09997558594
2.61905134259919,1726.53332519531
2.617964328893,1771.66662597656
2.61687825680832,1716.19995117188
2.61579312513429,1682.53332519531
2.6147089326621,1720.56665039063
2.61362567818504,1723.19995117188
2.61254336049846,1718.30004882813
2.61146197839976,1696.86669921875
2.6103815306884,1694.23327636719
2.60930201616591,1746.80004882813
2.60822343363584,1799
2.60714578190381,1752.96667480469
2.60606905977746,1725.46667480469
2.60499326606648,1727.96667480469
2.60391839958257,1767.86669921875
2.60284445913948,1752.86669921875
2.60177144355298,1734.56665039063
2.60069935164083,1753.43334960938
2.59962818222284,1758.23327636719
2.5985579341208,1749.09997558594
2.59748860615852,1772.06665039063
2.59642019716181,1784.43334960938
2.59535270595848,1806.80004882813
2.59428613137832,1770.46667480469
2.59322047225311,1767.09997558594
2.59215572741663,1766.63330078125
2.59109189570461,1850.46667480469
2.59002897595479,1806.63330078125
2.58896696700686,1786.5
2.58790586770247,1792.16662597656
2.58684567688526,1810.93334960938
2.58578639340079,1841.40002441406
2.58472801609662,1821.26672363281
2.58367054382223,1818.36669921875
2.58261397542904,1804.19995117188
2.58155830977044,1844.5
2.58050354570174,1884.06665039063
2.57944968208019,1834.46667480469
2.57839671776496,1834.33337402344
2.57734465161715,1911.59997558594
2.57629348249979,1936.23327636719
2.57524320927782,1876.90002441406
2.5741938308181,1823.09997558594
2.5731453459894,1843.30004882813
2.57209775366237,1833.46667480469
2.5710510527096,1869.43334960938
2.57000524200556,1915.06665039063
2.5689603204266,1941.69995117188
2.56791628685099,1930.33337402344
2.56687314015885,1927.43334960938
2.56583087923221,1891
2.56478950295497,1855.76672363281
2.5637490102129,1896.23327636719
2.56270939989363,1875.13330078125
2.56167067088668,1895
2.56063282208342,1935.09997558594
2.55959585237707,1970.86669921875
2.55855976066271,1949.36669921875
2.55752454583727,1937
2.55649020679954,1961.73327636719
2.55545674245013,1961.19995117188
2.55442415169151,2017.09997558594
2.55339243342796,1977.90002441406
2.55236158656561,1928.66662597656
2.55133161001242,1910.86669921875
2.55030250267815,1893.73327636719
2.54927426347441,1947.23327636719
2.54824689131461,1947.80004882813
2.54722038511396,1983.83337402344
2.54619474378951,1990.23327636719
2.54516996626008,2031.13330078125
2.54414605144631,2034.33337402344
2.54312299827064,2030.69995117188
2.54210080565729,1957.96667480469
2.54107947253229,1926.63330078125
2.54005899782342,1939.26672363281
2.53903938046028,1965.26672363281
2.53802061937422,2013.93334960938
2.53700271349839,1962.83337402344
2.53598566176769,1955.96667480469
2.5349694631188,1991.33337402344
2.53395411649015,2015.69995117188
2.53293962082195,2083.69995117188
2.53192597505615,2064.53344726563
2.53091317813647,2030.69995117188
2.52990122900834,2008.06665039063
2.52889012661899,2024.46667480469
2.52787986991735,2031.80004882813
2.52687045785411,2028.03332519531
2.52586188938167,2011.83337402344
2.52485416345421,2028.56665039063
2.52384727902758,2003.53332519531
2.52284123505938,2023.5
2.52183603050895,2021.43334960938
2.52083166433731,1999.30004882813
2.51982813550722,2059.89990234375
2.51882544298314,2038.86669921875
2.51782358573122,2046.13330078125
2.51682256271935,2037.69995117188
2.51582237291709,2001.19995117188
2.5148230152957,1989.46667480469
2.51382448882815,2045.86669921875
2.51282679248907,2121.19995117188
2.51182992525479,2084.19995117188
2.51083388610334,2020.40002441406
2.5098386740144,1996.93334960938
2.50884428796933,2015.16662597656
2.50785072695117,2033.63330078125
2.50685798994463,2055.46655273438
2.50586607593608,2091.36669921875
2.50487498391354,2121.2666015625
2.50388471286672,2073.7666015625
2.50289526178695,2049.03344726563
2.50190662966722,2088.16674804688
2.50091881550217,2120.2666015625
2.49993181828811,2121.53344726563
2.49894563702294,2122.33325195313
2.49796027070624,2172.2666015625
2.49697571833921,2197.56665039063
2.49599197892467,2112.86669921875
2.49500905146709,2142.66674804688
2.49402693497254,2141.93334960938
2.49304562844873,2123.2666015625
2.49206513090498,2152.13330078125
2.49108544135223,2145.5
2.49010655880302,2215.10009765625
2.48912848227151,2286.2333984375
2.48815121077344,2260.19995117188
2.4871747433262,2219
2.48619907894872,2235.83325195313
2.48522421666157,2327.80004882813
2.48425015548689,2356.06665039063
2.4832768944484,2374
2.48230443257144,2309.39990234375
2.48133276888289,2264.36669921875
2.48036190241124,2319.16674804688
2.47939183218654,2393
2.47842255724042,2371.69995117188
2.47745407660606,2333.60009765625
2.47648638931823,2297.56665039063
2.47551949441326,2343.60009765625
2.47455339092902,2403
2.47358807790496,2418.13330078125
2.47262355438207,2389.2666015625
2.4716598194029,2437.10009765625
2.47069687201152,2415.43334960938
2.46973471125358,2382.93334960938
2.46877333617624,2414.06665039063
2.46781274582823,2433.56665039063
2.46685293925979,2446.10009765625
2.46589391552269,2489.96655273438
2.46493567367024,2443.36669921875
2.46397821275728,2442.16674804688
2.46302153184016,2474.66674804688
2.46206562997675,2426.2666015625
2.46111050622644,2355.96655273438
2.46015615965013,2391.53344726563
2.45920258931023,2396.10009765625
2.45824979427068,2451.2666015625
2.45729777359687,2508.30004882813
2.45634652635575,2584.66674804688
2.45539605161574,2603.10009765625
2.45444634844674,2508.16674804688
2.45349741592017,2408.2333984375
2.45254925310893,2375
2.4516018590874,2416.43334960938
2.45065523293145,2491.33325195313
2.44970937371842,2463.39990234375
2.44876428052714,2403.13330078125
2.4478199524379,2443.16674804688
2.44687638853248,2533.2333984375
2.44593358789411,2510.30004882813
2.44499154960749,2481.86669921875
2.4440502727588,2447.46655273438
2.44310975643564,2479.46655273438
2.44216999972711,2488.2666015625
2.44123100172374,2488.39990234375
2.44029276151751,2458.56665039063
2.43935527820185,2499.30004882813
2.43841855087165,2512.86669921875
2.43748257862322,2506.43334960938
2.43654736055432,2515.63330078125
2.43561289576415,2508.43334960938
2.43467918335333,2489.36669921875
2.43374622242393,2518.53344726563
2.43281401207943,2447.53344726563
2.43188255142474,2527
2.4309518395662,2500.2333984375
2.43002187561156,2437.36669921875
2.42909265867,2505.80004882813
2.42816418785208,2511.2333984375
2.42723646226981,2475.69995117188
2.4263094810366,2520.89990234375
2.42538324326724,2579.39990234375
2.42445774807795,2586.33325195313
2.42353299458633,2577.80004882813
2.4226089819114,2525.93334960938
2.42168570917356,2515.96655273438
2.42076317549459,2519.2333984375
2.41984137999767,2470.5
2.41892032180739,2539.80004882813
2.41800000004967,2590.56665039063
2.41708041385187,2570.2666015625
2.41616156234267,2493.86669921875
2.41524344465217,2500.66674804688
2.41432605991182,2459.2666015625
2.41340940725444,2452
2.41249348581423,2476.39990234375
2.41157829472675,2613.46655273438
2.41066383312891,2640.7666015625
2.40975010015898,2614.83325195313
2.4088370949566,2536.83325195313
2.40792481666276,2505.89990234375
2.4070132644198,2492.7666015625
2.40610243737138,2492.30004882813
2.40519233466256,2540.7666015625
2.4042829554397,2537.10009765625
2.40337429885051,2571.30004882813
2.40246636404404,2565.30004882813
2.40155915017069,2524.53344726563
2.40065265638217,2464.86669921875
2.39974688183153,2549.43334960938
2.39884182567314,2536.83325195313
2.39793748706271,2541.7333984375
2.39703386515725,2501.7666015625
2.39613095911511,2506.43334960938
2.39522876809595,2531.83325195313
2.39432729126073,2498.96655273438
2.39342652777175,2481.06665039063
2.39252647679259,2541.83325195313
2.39162713748815,2655.2333984375
2.39072850902465,2581.46655273438
2.38983059056958,2467.7333984375
2.38893338129174,2422.66674804688
2.38803688036125,2407.7666015625
2.38714108694949,2466.86669921875
2.38624600022914,2545.53344726563
2.38535161937419,2494.53344726563
2.38445794355989,2465.2333984375
2.38356497196279,2540.16674804688
2.38267270376071,2545.39990234375
2.38178113813276,2579.53344726563
2.38089027425932,2567.33325195313
2.38000011132205,2440.53344726563
2.37911064850386,2444.39990234375
2.37822188498896,2431.83325195313
2.37733381996281,2478.46655273438
2.37644645261212,2594.16674804688
2.3755597821249,2573.86669921875
2.37467380769038,2549.36669921875
2.37378852849907,2570.2666015625
2.37290394374273,2476.2333984375
2.37202005261436,2344.60009765625
2.37113685430822,2384.86669921875
2.37025434801982,2476.7333984375
2.3693725329459,2505.10009765625
2.36849140828446,2566.96655273438
2.36761097323474,2477.03344726563
2.36673122699719,2440.7333984375
2.36585216877352,2446.33325195313
2.36497379776667,2452.89990234375
2.36409611318081,2443.7333984375
2.36321911422132,2575
2.36234280009484,2546.2666015625
2.3614671700092,2479.43334960938
2.36059222317346,2495.03344726563
2.35971795879791,2470.39990234375
2.35884437609405,2435.33325195313
2.35797147427459,2393.10009765625
2.35709925255344,2376.03344726563
2.35622771014575,2427.7333984375
2.35535684626785,2444.80004882813
2.35448666013728,2468.33325195313
2.35361715097279,2500.5
2.35274831799433,2448.80004882813
2.35188016042304,2499.03344726563
2.35101267748124,2471.5
2.35014586839249,2417.96655273438
2.34927973238149,2469.16674804688
2.34841426867415,2480.10009765625
2.34754947649758,2458.19995117188
2.34668535508005,2356.60009765625
2.34582190365102,2374.53344726563
2.34495912144112,2395.2333984375
2.34409700768219,2402.7333984375
2.34323556160721,2446.66674804688
2.34237478245034,2468.13330078125
2.34151466944691,2438.89990234375
2.34065522183344,2458.30004882813
2.33979643884758,2489.7666015625
2.33893831972818,2427.46655273438
2.33808086371522,2439.69995117188
2.33722407004985,2463.63330078125
2.33636793797439,2472.43334960938
2.3355124667323,2477.30004882813
2.33465765556819,2427.83325195313
2.33380350372783,2359.13330078125
2.33295001045813,2350.5
2.33209717500717,2350.13330078125
2.33124499662413,2404.7333984375
2.33039347455937,2419.60009765625
2.32954260806437,2428.5
2.32869239639176,2436.06665039063
2.32784283879529,2471.33325195313
2.32699393452986,2438.63330078125
2.32614568285147,2441.16674804688
2.3252980830173,2421.33325195313
2.32445113428561,2366.5
2.3236048359158,2392.2666015625
2.32275918716839,2446.5
2.32191418730504,2445.46655273438
2.3210698355885,2434.93334960938
2.32022613128264,2436.60009765625
2.31938307365247,2413.93334960938
2.31854066196408,2363.66674804688
2.31769889548468,2390.93334960938
2.3168577734826,2384.16674804688
2.31601729522726,2425.93334960938
2.31517745998919,2478.89990234375
2.31433826704002,2412.10009765625
2.31349971565247,2308.53344726563
2.31266180510038,2332.10009765625
2.31182453465866,2394.43334960938
2.31098790360332,2480.03344726563
2.31015191121148,2505.83325195313
2.30931655676133,2502.16674804688
2.30848183953215,2406.2333984375
2.30764775880429,2332
2.30681431385921,2347
2.30598150397945,2369.30004882813
2.30514932844859,2449.63330078125
2.30431778655133,2502.39990234375
2.30348687757344,2438.39990234375
2.30265660080172,2397.43334960938
2.3018269555241,2378.53344726563
2.30099794102953,2386.2333984375
2.30016955660806,2414.06665039063
2.29934180155078,2389.89990234375
2.29851467514986,2403
2.29768817669852,2448.83325195313
2.29686230549105,2359.43334960938
2.29603706082278,2315.60009765625
2.29521244199011,2372.03344726563
2.29438844829048,2403.86669921875
2.29356507902239,2510.60009765625
2.29274233348539,2475.93334960938
2.29192021098007,2377.86669921875
2.29109871080806,2304.10009765625
2.29027783227205,2308.66674804688
2.28945757467576,2402.06665039063
2.28863793732394,2341.10009765625
2.28781891952239,2329.53344726563
2.28700052057795,2393.7666015625
2.28618273979848,2399.36669921875
2.28536557649287,2331.06665039063
2.28454902997106,2391.2333984375
2.28373309954399,2341.43334960938
2.28291778452365,2326.7666015625
2.28210308422303,2366.96655273438
2.28128899795616,2426.30004882813
2.28047552503808,2355.56665039063
2.27966266478486,2286.83325195313
2.27885041651357,2255.2333984375
2.27803877954229,2287.46655273438
2.27722775319015,2278.33325195313
2.27641733677724,2330.16674804688
2.2756075296247,2275.63330078125
2.27479833105465,2313.7333984375
2.27398974039022,2378
2.27318175695556,2367
2.27237438007579,2373.86669921875
2.27156760907706,2309.66674804688
2.2707614432865,2348.93334960938
2.26995588203224,2366.13330078125
2.2691509246434,2290.60009765625
2.26834657045011,2271.96655273438
2.26754281878345,2248.33325195313
2.26673966897553,2182.86669921875
2.26593712035942,2293.69995117188
2.26513517226919,2352.2333984375
2.26433382403989,2298.60009765625
2.26353307500754,2257.36669921875
2.26273292450915,2240.96655273438
2.2619333718827,2339.60009765625
2.26113441646715,2344.7333984375
2.26033605760244,2291.43334960938
2.25953829462947,2289.69995117188
2.25874112689011,2240.86669921875
2.25794455372721,2274.03344726563
2.25714857448458,2329.16674804688
2.25635318850698,2279.5
2.25555839514016,2286.33325195313
2.25476419373082,2211.16674804688
2.25397058362662,2247.2666015625
2.25317756417616,2221.53344726563
2.25238513472902,2209.7333984375
2.25159329463573,2259.60009765625
2.25080204324776,2256.56665039063
2.25001137991755,2224
2.24922130399846,2211.10009765625
2.24843181484483,2191.46655273438
2.24764291181192,2193.2666015625
2.24685459425596,2239.19995117188
2.24606686153408,2301.33325195313
2.2452797130044,2325.93334960938
2.24449314802594,2242
2.24370716595868,2282.66674804688
2.24292176616352,2275.2666015625
2.2421369480023,2215.96655273438
2.2413527108378,2205.7666015625
2.24056905403371,2277.80004882813
2.23978597695467,2163.53344726563
2.23900347896623,2195.39990234375
2.23822155943488,2280.7333984375
2.23744021772802,2218.86669921875
2.23665945321397,2148.10009765625
2.23587926526198,2126.83325195313
2.23509965324222,2133.83325195313
2.23432061652577,2120.96655273438
2.23354215448462,2159.36669921875
2.23276426649168,2215.2666015625
2.23198695192078,2208.60009765625
2.23121021014663,2197.06665039063
2.2304340405449,2243.2666015625
2.22965844249211,2246.96655273438
2.22888341536571,2201.03344726563
2.22810895854407,2137.93334960938
2.22733507140644,2055.2333984375
2.22656175333297,2025.30004882813
2.22578900370472,2109.69995117188
2.22501682190363,2153.5
2.22424520731256,2191.16674804688
2.22347415931523,2146.89990234375
2.2227036772963,2177.43334960938
2.22193376064126,2180.66674804688
2.22116440873655,2103.2666015625
2.22039562096944,2085.56665039063
2.21962739672813,2081.03344726563
2.21885973540168,2068.2666015625
2.21809263638005,2047.76672363281
2.21732609905405,2037.80004882813
2.21656012281541,2107.7666015625
2.21579470705669,2129.33325195313
2.21502985117138,2191.2666015625
2.21426555455381,2225.7333984375
2.21350181659917,2066.06665039063
2.21273863670357,2033.56665039063
2.21197601426393,2021.90002441406
2.2112139486781,2046.5
2.21045243934474,2001.23327636719
2.20969148566341,1974.56665039063
2.20893108703452,2053.93334960938
2.20817124285935,2101.03344726563
2.20741195254003,2084.16674804688
2.20665321547956,2061.63330078125
2.20589503108179,1983.83337402344
2.20513739875142,1986.56665039063
2.20438031789402,2044.56665039063
2.203623787916,2044.26672363281
2.20286780822463,2094.30004882813
2.20211237822802,2059.43334960938
2.20135749733513,1954.43334960938
2.20060316495577,1916.53332519531
2.19984938050061,1926.69995117188
2.19909614338112,1936.13330078125
2.19834345300966,1930.43334960938
2.19759130879941,1947.06665039063
2.19683971016438,1969.36669921875
2.19608865651943,2001.5
2.19533814728025,1967.5
2.19458818186338,1933.13330078125
2.19383875968616,1864.80004882813
2.1930898801668,1882.69995117188
2.19234154272431,1994.76672363281
2.19159374677855,2023.86669921875
2.19084649175019,1967.46667480469
2.19009977706073,1930.56665039063
2.18935360213251,1911.40002441406
2.18860796638867,1884.93334960938
2.18786286925318,1914.06665039063
2.18711831015083,1940.59997558594
2.18637428850724,1941.73327636719
2.18563080374883,1930.43334960938
2.18488785530283,1854.03332519531
2.18414544259732,1795.86669921875
2.18340356506114,1827.53332519531
2.18266222212399,1837.30004882813
2.18192141321635,1835.30004882813
2.18118113776951,1867.40002441406
2.18044139521559,1832.30004882813
2.17970218498748,1840.66662597656
2.17896350651891,1768.90002441406
2.17822535924438,1814.93334960938
2.17748774259922,1855.83337402344
2.17675065601953,1811.43334960938
2.17601409894223,1862.80004882813
2.17527807080504,1844.36669921875
2.17454257104646,1772.13330078125
2.17380759910578,1744.76672363281
2.1730731544231,1794.93334960938
2.17233923643931,1777.13330078125
2.17160584459608,1731.69995117188
2.17087297833587,1739.33337402344
2.17014063710192,1757.63330078125
2.16940882033829,1791.96667480469
2.16867752748977,1797.13330078125
2.16794675800197,1771.09997558594
2.16721651132129,1724.19995117188
2.16648678689487,1692.40002441406
2.16575758417066,1667.36669921875
2.16502890259739,1711.43334960938
2.16430074162454,1716.86669921875
2.16357310070238,1699.69995117188
2.16284597928196,1719.96667480469
2.1621193768151,1698.56665039063
2.16139329275438,1702.33337402344
2.16066772655314,1722.16662597656
2.15994267766553,1701.93334960938
2.15921814554642,1692.03332519531
2.15849412965146,1663.80004882813
2.15777062943708,1613
2.15704764436046,1628.80004882813
2.15632517387954,1623.56665039063
2.15560321745301,1653.16662597656
2.15488177454034,1613.93334960938
2.15416084460175,1601.06665039063
2.1534404270982,1650.83337402344
2.15272052149143,1606.43334960938
2.15200112724391,1563.90002441406
2.15128224381887,1535
2.1505638706803,1561.13330078125
2.14984600729294,1604.90002441406
2.14912865312225,1639.16662597656
2.14841180763447,1595.09997558594
2.14769547029656,1534.90002441406
2.14697964057625,1514.13330078125
2.14626431794199,1516.46667480469
2.14554950186297,1543.40002441406
2.14483519180915,1545.93334960938
2.14412138725119,1543.66662597656
2.14340808766052,1527.80004882813
2.14269529250928,1532.16662597656
2.14198300127036,1525.56665039063
2.14127121341739,1467.36669921875
2.14055992842472,1457.59997558594
2.13984914576743,1457.19995117188
2.13913886492133,1428.66662597656
2.13842908536297,1466.66662597656
2.13771980656962,1444.80004882813
2.13701102801927,1440.86669921875
2.13630274919065,1395.13330078125
2.1355949695632,1364.23327636719
2.13488768861709,1353.76672363281
2.13418090583321,1330.16662597656
2.13347462069315,1312.36669921875
2.13276883267926,1319.16662597656
2.13206354127456,1320.46667480469
2.13135874596283,1317.53332519531
2.13065444622854,1264.43334960938
2.12995064155687,1230.40002441406
2.12924733143373,1221.59997558594
2.12854451534572,1228.19995117188
2.12784219278017,1231.33337402344
2.12714036322511,1212.96667480469
2.12643902616928,1173.30004882813
2.12573818110211,1147.96667480469
2.12503782751376,1120.66662597656
2.12433796489508,1048.16662597656
2.12363859273763,1016.59997558594
2.12293971053366,988.866638183594
2.12224131777613,984.233337402344
2.12154341395869,962.400024414063
2.1208459985757,928.366638183594
2.12014907112221,888
2.11945263109395,840.200012207031
2.11875667798738,807.299987792969
2.11806121129962,764.599975585938
2.1173662305285,727.866638183594
2.11667173517253,704.133361816406
2.11597772473091,681.400024414063
2.11528419870354,620.533325195313
2.114591156591,575.433349609375
2.11389859789455,541
2.11320652211614,496.700012207031
2.1125149287584,456.733337402344
2.11182381732465,424.533325195313
2.11113318731889,392.299987792969
2.11044303824579,354.833343505859
2.10975336961071,323.333343505859
2.10906418091967,295.666656494141
2.1083754716794,272.299987792969
2.10768724139727,250.033340454102
2.10699948958134,237.033340454102
2.10631221574035,231.633331298828
2.10562541938369,234.633331298828
2.10493910002145,246.800003051758
2.10425325716436,272.200012207031
2.10356789032384,307.100006103516
2.10288299901198,356.633331298828
2.1021985827415,415.966674804688
2.10151464102583,479.733337402344
2.10083117337904,549.200012207031
2.10014817931587,614.833312988281
2.09946565835172,677.266662597656
2.09878361000264,787.833312988281
2.09810203378536,914.400024414063
2.09742092921725,1020.79998779297
2.09674029581635,1123.26672363281
2.09606013310134,1183.69995117188
2.09538044059158,1215.80004882813
2.09470121780705,1298.30004882813
2.09402246426842,1397.16662597656
2.09334417949699,1507.16662597656
2.0926663630147,1536.90002441406
2.09198901434417,1534.90002441406
2.09131213300864,1596
2.09063571853202,1648.26672363281
2.08995977043884,1619.03332519531
2.0892842882543,1609.96667480469
2.08860927150422,1680.23327636719
2.08793471971509,1694.76672363281
2.08726063241403,1660.06665039063
2.08658700912878,1647.33337402344
2.08591384938775,1612.33337402344
2.08524115271998,1615.76672363281
2.08456891865513,1613.16662597656
2.08389714672353,1669.73327636719
2.0832258364561,1664.73327636719
2.08255498738444,1638.66662597656
2.08188459904075,1552.86669921875
2.08121467095788,1556.66662597656
2.0805452026693,1621.96667480469
2.07987619370912,1630.93334960938
2.07920764361207,1592.30004882813
2.07853955191351,1559.5
2.07787191814943,1505.93334960938
2.07720474185645,1547.43334960938
2.07653802257179,1601.46667480469
2.07587175983334,1610.16662597656
2.07520595317955,1562.56665039063
2.07454060214955,1501.30004882813
2.07387570628306,1489.93334960938
2.07321126512042,1474.53332519531
2.0725472782026,1508.93334960938
2.07188374507118,1494.46667480469
2.07122066526835,1499.33337402344
2.07055803833693,1507.69995117188
2.06989586382034,1490
2.06923414126262,1530.76672363281
2.06857287020842,1499.23327636719
2.06791205020301,1437.93334960938
2.06725168079225,1441.80004882813
2.06659176152264,1489.90002441406
2.06593229194125,1465.96667480469
2.06527327159578,1448.73327636719
2.06461470003454,1437.23327636719
2.06395657680643,1464.76672363281
2.06329890146096,1489
2.06264167354826,1458.76672363281
2.06198489261902,1501.90002441406
2.06132855822458,1496.30004882813
2.06067266991684,1462.30004882813
2.06001722724832,1494.90002441406
2.05936222977213,1554.73327636719
2.05870767704199,1534.93334960938
2.05805356861221,1497.16662597656
2.05739990403767,1472.63330078125
2.05674668287388,1420.40002441406
2.05609390467692,1456.36669921875
2.05544156900348,1487.09997558594
2.05478967541082,1486.30004882813
2.0541382234568,1498.16662597656
2.05348721269988,1490.63330078125
2.05283664269909,1527.53332519531
2.05218651301406,1530.30004882813
2.05153682320499,1509.76672363281
2.05088757283268,1464.59997558594
2.05023876145851,1435.26672363281
2.04959038864445,1427.90002441406
2.04894245395303,1468.86669921875
2.04829495694739,1519.33337402344
2.04764789719123,1510.73327636719
2.04700127424884,1490.33337402344
2.04635508768507,1514.69995117188
2.04570933706538,1542.09997558594
2.04506402195577,1488.63330078125
2.04441914192285,1444.40002441406
2.04377469653377,1400.80004882813
2.04313068535628,1445.33337402344
2.0424871079587,1470.73327636719
2.0418439639099,1460.83337402344
2.04120125277934,1477.5
2.04055897413706,1495.90002441406
2.03991712755363,1418.40002441406
2.03927571260023,1420.59997558594
2.03863472884858,1449
2.03799417587098,1472.16662597656
2.03735405324029,1459.13330078125
2.03671436052993,1389.56665039063
2.03607509731389,1403.96667480469
2.03543626316671,1452.36669921875
2.03479785766352,1466.96667480469
2.03415988037997,1458.63330078125
2.03352233089231,1411.19995117188
2.03288520877731,1422.13330078125
2.03224851361233,1444.33337402344
2.03161224497527,1464.66662597656
2.03097640244459,1465.26672363281
2.0303409855993,1391.46667480469
2.02970599401897,1395.40002441406
2.02907142728372,1413.03332519531
2.02843728497423,1443.66662597656
2.02780356667172,1443.53332519531
2.02717027195796,1424.40002441406
2.02653740041527,1413.83337402344
2.02590495162654,1402.43334960938
2.02527292517518,1396
2.02464132064515,1381.59997558594
2.02401013762098,1385.56665039063
2.02337937568771,1424.56665039063
2.02274903443095,1461.23327636719
2.02211911343685,1433.73327636719
2.02148961229209,1377.80004882813
2.0208605305839,1385.66662597656
2.02023186790004,1384.86669921875
2.01960362382884,1384.73327636719
2.01897579795913,1391.33337402344
2.0183483898803,1431.30004882813
2.01772139918227,1423.40002441406
2.0170948254555,1415.40002441406
2.01646866829099,1440.30004882813
2.01584292728026,1470.86669921875
2.01521760201537,1508.40002441406
2.01459269208891,1454.46667480469
2.01396819709402,1388.19995117188
2.01334411662435,1329.80004882813
2.01272045027407,1332.40002441406
2.01209719763792,1413.26672363281
2.01147435831113,1402.69995117188
2.01085193188948,1406.73327636719
2.01022991796925,1429.26672363281
2.00960831614728,1427.86669921875
2.00898712602092,1393.96667480469
2.00836634718802,1372.59997558594
2.007745979247,1375.36669921875
2.00712602179676,1418.13330078125
2.00650647443675,1386.16662597656
2.00588733676692,1390.03332519531
2.00526860838776,1443.40002441406
2.00465028890026,1434.76672363281
2.00403237790594,1420.46667480469
2.00341487500683,1418.73327636719
2.00279777980548,1392.66662597656
2.00218109190496,1367.23327636719
2.00156481090884,1364.83337402344
2.00094893642122,1377.30004882813
2.0003334680467,1383.63330078125
1.99971840539042,1377.59997558594
1.99910374805798,1404.36669921875
1.99848949565554,1458.66662597656
1.99787564778975,1478.59997558594
1.99726220406776,1431.23327636719
1.99664916409725,1418.96667480469
1.99603652748638,1398.43334960938
1.99542429384384,1346.40002441406
1.99481246277881,1375.03332519531
1.99420103390099,1447.80004882813
1.99359000682057,1417.40002441406
1.99297938114825,1393.46667480469
1.99236915649524,1419.56665039063
1.99175933247322,1464
1.99114990869441,1477.33337402344
1.99054088477151,1430.33337402344
1.98993226031772,1406.09997558594
1.98932403494675,1430.06665039063
1.98871620827278,1460.46667480469
1.98810877991052,1440
1.98750174947515,1417
1.98689511658236,1443.83337402344
1.98628888084834,1436.53332519531
1.98568304188974,1416.59997558594
1.98507759932375,1419.06665039063
1.98447255276802,1411.40002441406
1.98386790184069,1392.90002441406
1.98326364616041,1431.69995117188
1.98265978534631,1426.80004882813
1.98205631901801,1391.86669921875
1.9814532467956,1417.76672363281
1.98085056829969,1412.16662597656
1.98024828315135,1464.23327636719
1.97964639097215,1442.76672363281
1.97904489138414,1426.16662597656
1.97844378400985,1450.53332519531
1.9778430684723,1433.96667480469
1.977242744395,1443.5
1.97664281140192,1459.66662597656
1.97604326911752,1473.56665039063
1.97544411716675,1467.63330078125
1.97484535517504,1472.53332519531
1.97424698276828,1497.83337402344
1.97364899957285,1528.06665039063
1.97305140521561,1491.19995117188
1.97245419932389,1480.66662597656
1.9718573815255,1509.40002441406
1.97126095144873,1469.06665039063
1.97066490872233,1424.66662597656
1.97006925297554,1425.46667480469
1.96947398383805,1443.33337402344
1.96887910094004,1428.73327636719
1.96828460391216,1422.36669921875
1.96769049238553,1452.26672363281
1.96709676599172,1448.69995117188
1.96650342436281,1513.76672363281
1.96591046713131,1555.40002441406
1.96531789393021,1480.36669921875
1.96472570439298,1448.83337402344
1.96413389815352,1459.76672363281
1.96354247484625,1491.46667480469
1.96295143410599,1453.40002441406
1.96236077556808,1485.59997558594
1.9617704988683,1558.66662597656
1.96118060364288,1581.80004882813
1.96059108952853,1548.06665039063
1.96000195616241,1481.03332519531
1.95941320318215,1486.56665039063
1.95882483022583,1518.83337402344
1.95823683693199,1487.66662597656
1.95764922293964,1457.96667480469
1.95706198788823,1458.56665039063
1.95647513141767,1466.30004882813
1.95588865316834,1494.86669921875
1.95530255278106,1539.33337402344
1.9547168298971,1547.09997558594
1.9541314841582,1528.73327636719
1.95354651520655,1530.26672363281
1.95296192268477,1517.80004882813
1.95237770623597,1544.69995117188
1.95179386550367,1510.90002441406
1.95121040013187,1499.80004882813
1.950627309765,1478.5
1.95004459404795,1488.90002441406
1.94946225262606,1531.96667480469
1.94888028514511,1558.63330078125
1.94829869125132,1561.86669921875
1.94771747059137,1519.86669921875
1.94713662281237,1498.23327636719
1.9465561475619,1563.19995117188
1.94597604448796,1596.46667480469
1.94539631323899,1577
1.94481695346389,1578.5
1.94423796481199,1525.40002441406
1.94365934693306,1487.56665039063
1.94308109947733,1513.46667480469
1.94250322209544,1561.83337402344
1.94192571443848,1610.93334960938
1.94134857615799,1588.69995117188
1.94077180690594,1584.63330078125
1.94019540633472,1606.03332519531
1.93961937409718,1553.90002441406
1.9390437098466,1513.46667480469
1.93846841323668,1505.26672363281
1.93789348392157,1512.76672363281
1.93731892155585,1572.13330078125
1.93674472579452,1600.96667480469
1.93617089629304,1588.30004882813
1.93559743270727,1576.56665039063
1.93502433469352,1608.36669921875
1.93445160190851,1564.46667480469
1.93387923400943,1543.30004882813
1.93330723065384,1591.80004882813
1.93273559149979,1612.80004882813
1.9321643162057,1580.53332519531
1.93159340443047,1589.13330078125
1.93102285583337,1585.93334960938
1.93045267007415,1609.59997558594
1.92988284681295,1640.66662597656
1.92931338571033,1623.40002441406
1.92874428642731,1605.83337402344
1.92817554862529,1620.30004882813
1.92760717196612,1607.86669921875
1.92703915611205,1568.06665039063
1.92647150072578,1530.06665039063
1.9259042054704,1572.33337402344
1.92533727000944,1634.5
1.92477069400683,1647.36669921875
1.92420447712694,1659.06665039063
1.92363861903454,1658.66662597656
1.92307311939482,1652.5
1.92250797787339,1625.19995117188
1.92194319413627,1606.53332519531
1.92137876784991,1599.06665039063
1.92081469868116,1637.33337402344
1.92025098629728,1669.80004882813
1.91968763036595,1683.09997558594
1.91912463055526,1684.83337402344
1.91856198653371,1678.76672363281
1.91799969797023,1672.23327636719
1.91743776453413,1661.03332519531
1.91687618589514,1675.66662597656
1.91631496172342,1748.76672363281
1.9157540916895,1750.59997558594
1.91519357546436,1782.26672363281
1.91463341271935,1804.36669921875
1.91407360312624,1715.40002441406
1.91351414635722,1686.06665039063
1.91295504208487,1655.06665039063
1.91239628998217,1672.03332519531
1.91183788972253,1652.43334960938
1.91127984097972,1665.26672363281
1.91072214342796,1685.06665039063
1.91016479674184,1694.03332519531
1.90960780059637,1667.69995117188
1.90905115466694,1636.23327636719
1.90849485862936,1654.66662597656
